CODIGO,DESCRICAO
361001001,PE FRONT ESQ 680X115X25 MDF 5 BRANCO
361001025,PE FRONT ESQ 680X115X25 MDF 5 OFF WHITE
361001070,PE FRONT ESQ 680X115X25 MDF 5 PTO AC
361001221,PE FRONT ESQ 680X115X25 MDF 5 BCO AC
361002001,LAT ESQ 360X340X12 MDF 6 BRANCO
361002025,LAT ESQ 360X340X12 MDF 6 OFF WHITE
361002070,LAT ESQ 360X340X12 MDF 6 PTO AC
361002221,LAT ESQ 360X340X12 MDF 6 BCO AC
361003001,PE TRAS ESQ 680X115X25 MDF 8 BRANCO
361003025,PE TRAS ESQ 680X115X25 MDF 8 OFF WHITE
361003070,PE TRAS ESQ 680X115X25 MDF 8 PTO AC
361003221,PE TRAS ESQ 680X115X25 MDF 8 BCO AC
361004001,FUNDO TRAS 430X410X12 MDF 9 BRANCO
361004025,FUNDO TRAS 430X410X12 MDF 9 OFF WHITE
361004070,FUNDO TRAS 430X410X12 MDF 9 PTO AC
361004221,FUNDO TRAS 430X410X12 MDF 9 BCO AC
361005001,TRAV FRONTAL 410X100X15 MDF 10 BRANCO
361005025,TRAV FRONTAL 410X100X15 MDF 10 OFF WHITE
361005070,TRAV FRONTAL 410X100X15 MDF 10 PTO AC
361005221,TRAV FRONTAL 410X100X15 MDF 10 BCO AC
361006001,TAMPO 680X450X25 MDF 11 BRANCO
361006007,TAMPO 680X450X25 MDF 11 PRETO
361006025,TAMPO 680X450X25 MDF 11 OFF WHITE
361006070,TAMPO 680X450X25 MDF 11 PTO AC
361006073,TAMPO 680X450X25 MDF 11 CUMARU
361007001,FRENTE GAV 405X150X15 MDF BRANCO
361007025,FRENTE GAV 405X150X15 MDF 12 OFF WHITE
361007070,FRENTE GAV 405X150X15 MDF 12 PTO AC
361007221,FRENTE GAV 405X150X15 MDF 12 BCO AC
361008001,PE FRONT DIR 680X115X25 MDF 1 BRANCO
361008025,PE FRONT DIR 680X115X25 MDF 1 OFF WHITE
361008070,PE FRONT DIR 680X115X25 MDF 1 PTO AC
361008221,PE FRONT DIR 680X115X25 MDF 1 BCO AC
361009001,LAT DIR 360X340X12 MDF 2 BRANCO
361009025,LAT DIR 360X340X12 MDF 2 OFF WHITE
361009070,LAT DIR 360X340X12 MDF 2 PTO AC
361009221,LAT DIR 360X340X12 MDF 2 BCO AC
361010001,TRAV LAT 360X100X15 MDF 3 BRANCO
361010025,TRAV LAT 360X100X15 MDF 3 OFF WHITE
361010070,TRAV LAT 360X100X15 MDF 3 PTO AC
361010221,TRAV LAT 360X100X15 MDF 3 BCO AC
361011001,PE TRAS DIR 680X115X25 MDF 4 BRANCO
361011025,PE TRAS DIR 680X115X25 MDF 4 OFF WHITE
361011070,PE TRAS DIR 680X115X25 MDF 4 PTO AC
361011221,PE TRAS DIR 680X115X25 MDF 4 BCO AC
361012100,TRAVA 434X130X12 MDF 16
361013001,LAT GAV 290X100X12 MDF 13 BRANCO
361013025,LAT GAV 290X100X12 MDF 13 OFF WHITE
361013070,LAT GAV 290X100X12 MDF 13 PTO AC
361013221,LAT GAV 290X100X12 MDF 13 BCO AC
361015001,C F GAV 386X100X12 MDF 15 BRANCO
361015025,C F GAV 386X100X12 MDF 15 OFF WHITE
361015070,C F GAV 386X100X12 MDF 15 PTO AC
361015221,C F GAV 386X100X12 MDF 15 BCO AC
385001001,BASE DIR/ESQ 350X300X12 MDF N 1 BRANCO
385001009,BASE DIR/ESQ 350X300X12 MDF N 1 ROSA
385002001,PES 540X130X25 MDF N 2 BRANCO
385002009,PES 540X130X25 MDF N 2 ROSA
385003001,TAMPO 960X350X12 MDF N 3 BRANCO
385003009,TAMPO 960X350X12 MDF N 3 ROSA
385004001,LAT EXT ESQ 320X210X12 MDF N 4 BRANCO
385004009,LAT EXT ESQ 320X210X12 MDF N 4 ROSA
385005001,FUNDO TRAS 907X210X12 MDF N 5 BRANCO
385005009,FUNDO TRAS 907X210X12 MDF N 5 ROSA
385006001,LAT EXT DIR 320X210X12 MDF N 6 BRANCO
385006009,LAT EXT DIR 320X210X12 MDF N 6 ROSA
385007001,LAT INT ESQ 307X210X12 MDF N 7 BRANCO
385007009,LAT INT ESQ 307X210X12 MDF N 7 ROSA
385008001,TRAV FRONTAL 389X105X12 MDF N 8 BRANCO
385008009,TRAV FRONTAL 389X105X12 MDF N 8 ROSA
385009001,LAT INT DIR 307X210X12 MDF N 9 BRANCO
385009009,LAT INT DIR 307X210X12 MDF N 9 ROSA
385010001,APOIO ESPELHO 350X840X12 MDF N 10 BRANCO
385010009,APOIO ESPELHO 350X840X12 MDF N 10 ROSA
385011001,MOLD ESPELHO 540X420X12 MDF N 11 BRANCO
385011009,MOLD ESPELHO 540X420X12 MDF N 11 ROSA
385012001,FRENTE GAV 268X100X12 MDF N 12 BRANCO
385012009,FRENTE GAV 268X100X12 MDF N 12 ROSA
385013001,BASE ASSENTO 400X300X15 MDF N 1 BRANCO
385013009,BASE ASSENTO 400X300X15 MDF N 1 ROSA
385014001,PE BANQUETA 440X130X25 MDF N 2 BRANCO
385014009,PE BANQUETA 440X130X25 MDF N 2 ROSA
385015001,ASSENTO BANQUETA 384X284X12 MDF N 3 BRAN
385015009,ASSENTO BANQUETA 384X284X12 MDF N 3 ROSA
385016001,LAT GAV 300X70X12 MDP 13 BRANCO
385016009,LAT GAV 300X70X12 MDP 13 ROSA
385017001,C F GAV 198X50X12 MDP 15 BRANCO
385017009,C F GAV 198X50X12 MDP 15 ROSA
385017100,C F GAV 900X105X12 MDP
385017101,C F GAV 900X105X12 MDP 15 BRANCO REAL
387001001,TAMPO 1200X410X15 MDP 1 BRANCO
387001116,TAMPO 1200X410X15 MDP 1 CINAMOMO
387002001,LAT ESQ 800X380X15 MDP 2 BRANCO
387002006,LAT ESQ 800X380X15 MDP 2 OFF WHITE
387002070,LAT ESQ 800X380X15 MDP 2 PRETO AC
387002116,LAT ESQ 800X380X15 MDP 2 CINAMOMO
387003001,REFORCO MESA 604X410X15 MDP 3 BRANCO
387003006,REFORÇO MESA 604X410X15 MDP 3 OFF WHITE
387003070,REFORCO MESA 604X410X15 MDP 3 PRETO AC
387003116,REFORCO MESA 604X410X15 MDP 3 CINAMOMO
387004001,DIV 800X380X15 MDP 4 BRANCO
387004006,DIV 800X380X15 MDP 4 OFF WHITE
387004070,DIV 800X380X15 MDP 4 PRETO AC
387004116,DIV 800X380X15 MDP 4 CINAMOMO
387005001,LAT DIR 800X380X15 MDP 5 BRANCO
387005006,LAT DIR 800X380X15 MDP 5 OFF WHITE
387005070,LAT DIR 800X380X15 MDP 5 PRETO AC
387005116,LAT DIR 800X380X15 MDP 5 CINAMOMO
387006001,BASE 530X380X15 MDP 6 BRANCO
387006006,BASE 530X380X15 MDP 6 OFF WHITE
387006070,BASE 530X380X15 MDP 6 PRETO AC
387006116,BASE 530X380X15 MDP 6 CINAMOMO
387007001,RODAPE FRONTAL 530X90X15 MDP 7 BRANCO
387007006,RODAPE FRONTAL 530X90X15 MDP 7 OFF WHITE
387007070,RODAPE FRONTAL 530X90X15 MDP 7 PRETO AC
387007116,RODAPE FRONTAL 530X90X15 MDP 7 CINAMOMO
387008001,PRAT 530X300X15 MDP 8 BRANCO
387008006,PRAT 530X300X15 MDP 8 OFF WHITE
387008070,PRAT 530X300X15 MDP 8 PRETO AC
387008116,PRAT 530X300X15 MDP 8 CINAMOMO
387009001,PORTA 705X269X15 MDP 9 BRANCO
387009006,PORTA 705X269X15 MDP 9 OFF WHITE
387009070,PORTA 705X269X15 MDP 9 PRETO AC
387009116,PORTA 705X269X15 MDP 9 CINAMOMO
387010001,FRENTE GAV 615X120X15 MDP 10 BRANCO
387010006,FRENTE GAV 615X120X15 MDP 10 OFF WHITE
387010070,FRENTE GAV 615X120X15 MDP 10 PRETO AC
387010116,FRENTE GAV 615X120X15 MDP 10 CINAMOMO
387011001,LAT GAV 300X90X12 MDP 11 BRANCO REAL
387013001,C F GAV 555X80X12 MDP 13 BRANCO REAL
394001006,TAMPO 1600X450X15 MDP 1 OFF WHITE
394001070,TAMPO 1600X450X15 MDP 1 PRETO ACETINADO
394001073,TAMPO 1600X450X15 MDP 1 CUMARU
394001077,TAMPO 1600X450X15 MDP 1 NATURE
394001116,TAMPO 1600X450X15 MDP 1 CINAMOMO
394002006,LAT ESQ 430X400X15 MDP 2 OFF WHITE
394002021,LAT ESQ 430X400X15 MDP 2 BRANCO AC
394002070,LAT ESQ 430X400X15 MDP 2 PRETO ACETINADO
394002073,LAT ESQ 430X400X15 MDP 2 CUMARU
394002077,LAT ESQ 430X400X15 MDP 2 NATURE
394002108,LAT ESQ 430X400X15 MDP 2 GRAFITE
394002116,LAT ESQ 430X400X15 MDP 2 CINAMOMO
394003006,DIV ESQ 430X400X15 MDP 3 OFF WHITE
394003021,DIV ESQ 430X400X15 MDP 3 BRANCO AC
394003070,DIV ESQ 430X400X15 MDP 3 PRETO ACETINADO
394003073,DIV ESQ 430X400X15 MDP 3 CUMARU
394003077,DIV ESQ 430X400X15 MDP 3 NATURE
394003108,DIV ESQ 430X400X15 MDP 3 GRAFITE
394003116,DIV ESQ 430X400X15 MDP 3 CINAMOMO
394004006,PRAT 425X380X15 MDP 4 OFF WHITE
394004021,PRAT 425X380X15 MDP 4 BRANCO AC
394004070,PRAT 425X380X15 MDP 4 PRETO ACETINADO
394004108,PRAT 425X380X15 MDP 4 GRAFITE
394005006,DIV CENTRAL 430X400X15 MDP 5 OFF WHITE
394005021,DIV CENTRAL 430X400X15 MDP 5 BRANC AC
394005070,DIV CENTRAL 430X400X15 MDP 5 PRETO ACE
394005073,DIV CENTRAL 430X400X15 MDP 5 CUMARU
394005077,DIV CENTRAL 430X400X15 MDP 5 NATURE
394005108,DIV CENTRAL 430X400X15 MDP 5 GRAFITE
394005116,DIV CENTRAL 430X400X15 MDP 5 CINAMOMO
394006006,DIV DIR 430X400X15 MDP 6 OFF WHITE
394006021,DIV DIR 430X400X15 MDP 6 BRANCO AC
394006070,DIV DIR 430X400X15 MDP 6 PRETO ACETINA
394006073,DIV DIR 430X400X15 MDP 6 CUMARU
394006077,DIV DIR 430X400X15 MDP 6 NATURE
394006108,DIV DIR 430X400X15 MDP 6 GRAFITE
394006116,DIV DIR 430X400X15 MDP 6 CINAMOMO
394007006,LAT DIR 430X400X15 MDP 7 OFF WHITE
394007021,LAT DIR 430X400X15 MDP 7 BRANCO AC
394007070,LAT DIR 430X400X15 MDP 7 PRETO ACETINADO
394007073,LAT DIR 430X400X15 MDP 7 CUMARU
394007077,LAT DIR 430X400X15 MDP 7 NATURE
394007108,LAT DIR 430X400X15 MDP 7 GRAFITE
394007116,LAT DIR 430X400X15 MDP 7 CINAMOMO
394008006,BASE 1600X450X15 MDP 8 OFF WHITE
394008021,BASE 1600X450X15 MDP 8 BRANCO AC
394008070,BASE 1600X450X15 MDP 8 PRETO ACETINADO
394008073,BASE 1600X450X15 MDP 8 CUMARU
394008077,BASE 1600X450X15 MDP 8 NATURE
394008108,BASE 1600X450X15 MDP 8 GRAFITE
394008116,BASE 1600X450X15 MDP 8 CINAMOMO
394009006,PORTA 392X392X15 MDP 11 OFF WHITE
394009021,PORTA 392X392X15 MDP 11 BRANCO AC
394009070,PORTA 392X392X15 MDP 11 PRETO ACETINADO
394009108,PORTA 392X392X15 MDP 11 GRAFITE
396001001,TAMPO 900X403X15 MDP N 1 BRANCO
396001070,TAMPO 900X403X15 MDP N 1 PRETO ACETINADO
396001116,TAMPO 900X403X15 MDP N 1 CINAMOMO
396002001,LAT DIR 1000X383X15 MDP N 2 BRANCO
396002070,LAT DIR 1000X383X15 MDP N 2 PRETO ACETINA
396002116,LAT DIR 1000X383X15 MDP N 2 CINAMOMO
396003001,PRAT FIXA 860X382X15 MDP N 3 BRANCO
396003070,PRAT FIXA 860X382X15 MDP N 3 PRETO ACETINAD
396003116,PRAT FIXA 860X382X15 MDP N 3 CINAMOMO
396004001,LAT ESQ 1000X383X15 MDP N 4 BRANCO
396004070,LAT ESQ 1000X383X15 MDP N 4 PRETO ACETINADO
396004116,LAT ESQ 1000X383X15 MDP N 4 CINAMOMO
396005001,BASE 900X403X15 MDP N 5 BRANCO
396005070,BASE 900X403X15 MDP N 5 PRETO ACETINADO
396005116,BASE 900X403X15 MDP N 5 CINAMOMO
396006001,PORTA 994X435X15 MDP N 6 BRANCO
396006006,PORTA 994X435X15 MDP N 6 OFF WHITE
396006070,PORTA 994X435X15 MDP N 6 PRETO ACETINADO
396006077,PORTA 994X435X15 MDP N 6 NATURE
396006116,PORTA 994X435X15 MDP N 6 CINAMOMO
396007001,PRAT MOVEL 860X382X15 MDP N 7 BRANCO
396007070,PRAT MOVEL 860X382X15 MDP N 7 PRETO ACET
396007116,PRAT MOVEL 860X382X15 MDP N 7 CINAMOMO
399001070,TAMPO 1366X400X15 MDP 6 PRETO ACETINADO
399001073,TAMPO 1366X400X15 MDP 6 CUMARU
399001077,TAMPO 1366X400X15 MDP 6 NATURE
399001116,TAMPO 1366X400X15 MDP 6 CINAMOMO
399002021,LAT DIR 350X380X15 MDP 5 BRANCO AC
399002070,LAT DIR 350X380X15 MDP 5 PRETO ACETINADO
399002073,LAT DIR 350X380X15 MDP 5 CUMARU
399002077,LAT DIR 350X380X15 MDP 5 NATURE
399002108,LAT DIR 350X380X15 MDP 5 GRAFITE
399002116,LAT DIR 350X380X15 MDP 5 CINAMOMO
399003021,PRAT 649X380X15 MDP 4 BRANCO AC
399003070,PRAT 649X380X15 MDP 4 PRETO ACETINADO
399003073,PRAT 649X380X15 MDP 4 CUMARU
399003077,PRAT 649X380X15 MDP 4 NATURE
399003108,PRAT 649X380X15 MDP 4 GRAFITE
399003116,PRAT 649X380X15 MDP 4 CINAMOMO
399004021,DIV 350X380X15 MDP 3 BRANCO AC
399004070,DIV 350X380X15 MDP 3 PRETO ACETINADO
399004073,DIV 350X380X15 MDP 3 CUMARU
399004077,DIV 350X380X15 MDP 3 NATURE
399004108,DIV 350X380X15 MDP 3 GRAFITE
399004116,DIV 350X380X15 MDP 3 CINAMOMO
399005021,LAT ESQ 350X380X15 MDP 2 BRANCO AC
399005070,LAT ESQ 350X380X15 MDP 2 PRETO ACETINADO
399005073,LAT ESQ 350X380X15 MDP 2 CUMARU
399005077,LAT ESQ 350X380X15 MDP 2 NATURE
399005108,LAT ESQ 350X380X15 MDP 2 GRAFITE
399005116,LAT ESQ 350X380X15 MDP 2 CINAMOMO
399006021,BASE 1366X400X15 MDP 1 BRANCO AC
399006070,BASE 1366X400X15 MDP 1 PRETO ACETINADO
399006073,BASE 1366X400X15 MDP 1 CUMARU
399006077,BASE 1366X400X15 MDP 1 NATURE
399006108,BASE 1366X400X15 MDP 1 GRAFITE
399006116,BASE 1366X400X15 MDP 1 CINAMOMO
399007006,PORTA BASC 660X235X15 MDP 8 OFF WHITE
399007021,PORTA BASC 660X235X15 MDP 8 BRANCO AC
399007070,PORTA BASC 660X235X15 MDP 8 PRETO ACETINAD
399007108,PORTA BASC 660X235X15 MDP 8 GRAFITE
399008006,PORTA DIR/ESQ 345X336X15 MDP 9 OFF WHITE
399008021,PORTA DIR/ESQ 345X336X15 MDP 9 BRANCO AC
399008070,PORTA DIR/ESQ 345X336X15 MDP 9 PRETO ACE
399008108,PORTA DIR/ESQ 345X336X15 MDP 9 GRAFITE
400001070,TAMPO 900X400X15 MDP 1 PRETO ACETINADO
400001073,TAMPO 900X400X15 MDP 1 CUMARU
400001077,TAMPO 900X400X15 MDP 1 NATURE
400001116,TAMPO 900X400X15 MDP 1 CINAMOMO
400002021,LAT DIR 350X380X15 MDP 2 BRANCO AC
400002070,LAT DIR 350X380X15 MDP 2 PRETO ACETINADO
400002073,LAT DIR 350X380X15 MDP 2 CUMARU
400002077,LAT DIR 350X380X15 MDP 2 NATURE
400002108,LAT DIR 350X380X15 MDP 2 GRAFITE
400002116,LAT DIR 350X380X15 MDP 2 CINAMOMO
400003021,PRAT 535X380X15 MDP 3 BRANCO AC
400003070,PRAT 535X380X15 MDP 3 PRETO ACETINADO
400003073,PRAT 535X380X15 MDP 3 CUMARU
400003077,PRAT 535X380X15 MDP 3 NATURE
400003108,PRAT 535X380X15 MDP 3 GRAFITE
400003116,PRAT 535X380X15 MDP 3 CINAMOMO
400004021,DIV 350X380X15 MDP 4 BRANCO AC
400004070,DIV 350X380X15 MDP 4 PRETO ACETINADO
400004073,DIV 350X380X15 MDP 4 CUMARU
400004077,DIV 350X380X15 MDP 4 NATURE
400004108,DIV 350X380X15 MDP 4 GRAFITE
400004116,DIV 350X380X15 MDP 4 CINAMOMO
400005021,LAT ESQ 350X380X15 MDP 5 BRANCO AC
400005070,LAT ESQ 350X380X15 MDP 5 PRETO ACETINADO
400005073,LAT ESQ 350X380X15 MDP 5 CUMARU
400005077,LAT ESQ 350X380X15 MDP 5 NATURE
400005108,LAT ESQ 350X380X15 MDP 5 GRAFITE
400005116,LAT ESQ 350X380X15 MDP 5 CINAMOMO
400006021,BASE 900X400X15 MDP 6 BRANCO AC
400006070,BASE 900X400X15 MDP 6 PRETO ACETINADO
400006073,BASE 900X400X15 MDP 6 CUMARU
400006077,BASE 900X400X15 MDP 6 NATURE
400006108,BASE 900X400X15 MDP 6 GRAFITE
400006116,BASE 900X400X15 MDP 6 CINAMOMO
400007006,PORTA BASC 545X235X15 MDP 7 OFF WHITE
400007021,PORTA BASC 545X235X15 MDP 7 BRANCO AC
400007070,PORTA BASC 545X235X15 MDP 7 PRETO ACET
400007073,PORTA BASC 545X235X15 MDP 7 CUMARU
400007077,PORTA BASC 545X235X15 MDP 7 NATURE
400007108,PORTA BASC 545X235X15 MDP 7 GRAFITE
400007116,PORTA BASC 545X235X15 MDP 7 CINAMOMO
400008006,PORTA ESQ 345X320X15 MDP 8 OFF WHITE
400008021,PORTA ESQ 345X320X15 MDP 8 BRANCO AC
400008070,PORTA ESQ 345X320X15 MDP 8 PRETO ACETIN
400008108,PORTA ESQ 345X320X15 MDP 8 GRAFITE
403001006,1.4 INF 1366X515X15 MDP 1 OFF WHITE
403001021,1.4 INF 1366X515X15 MDP 1 BCO AC
403001070,1.4 INF 1366X515X15 MDP 1 PTO AC
403001073,1.4 INF 1366X515X15 MDP 1 CUMARU
403001077,1.4 INF 1366X515X15 MDP 1 NATURE
403001108,1.4 INF 1366X515X15 MDP 1 GRAFITE
403001111,1.4 INF 1366X515X15 MDP 1 ALECRIM
403001116,1.4 INF 1366X515X15 MDP 1 CINAMOMO
403002006,1.4 SUP 1366X515X15 MDP 2 OFF WHITE
403002021,1.4 SUP 1366X515X15 MDP 2 BCO AC
403002070,1.4 SUP 1366X515X15 MDP 2 PTO AC
403002073,1.4 SUP 1366X515X15 MDP 2 CUMARU
403002077,1.4 SUP 1366X515X15 MDP 2 NATURE
403002108,1.4 SUP 1366X515X15 MDP 2 GRAFITE
403002111,1.4 SUP 1366X515X15 MDP 2 ALECRIM
403002116,1.4 SUP 1366X515X15 MDP 2 CINAMOMO
403003006,1.4 ENCH LAT 1020X85X15 MDP 3 OFF W
403003021,1.4 ENCH LAT 1020X85X15 MDP 3 BCO A
403003070,1.4 ENCH LAT 1020X85X15 MDP 3 PTO A
403003073,1.4 ENCH LAT 1020X85X15 MDP 3 CUMAR
403003077,1.4 ENCH LAT 1020X85X15 MDP 3 NATUR
403003108,1.4 ENCH LAT 1020X85X15 MDP 3 GRAFT
403003111,1.4 ENCH LAT 1020X85X15 MDP 3 ALECR
403003116,1.4 ENCH LAT 1020X85X15 MDP 3 CINAM
403004100,1.4 SUP PAINEL 900X85X15 MDP 4
403005100,1.4 SUP FIXACAO 900X85X15 MDP 6
403006006,1.4 PRAT 1270X150X25 MDP 5 OFF WHIT
403006021,1.4 PRAT 1270X150X25 MDP 5 BCO AC
403006070,1.4 PRAT 1270X150X25 MDP 5 PTO AC
403006073,1.4 PRAT 1270X150X25 MDP 5 CUMARU
403006077,1.4 PRAT 1270X150X25 MDP 5 NATURE
403006116,1.4 PRAT 1270X150X25 MDP 5 CINAMOMO
404004100,0.9 SUP PAINEL 680X85X15 MDP 4
404005100,0.9 SUP FIXACAO 680X85X15 MDP 6
404006006,0.9 PRAT 800X150X25 MDP 5 OFF WI
404006021,0.9 PRAT 800X150X25 MDP 5 BCO AC
404006070,0.9 PRAT 800X150X25 MDP 5 PTO AC
404006073,0.9 PRAT 800X150X25 MDP 5 CUMARU
404006077,0.9 PRAT 800X150X25 MDP 5 NATURE
404006116,0.9 PRAT 800X150X25 MDP 5 CINAMO
404007006,0.9 INF 900X450X15 MDP 1 OFF WHI
404007021,0.9 INF 900X450X15 MDP 1 BCO AC
404007070,0.9 INF 900X450X15 MDP 1 PTO AC
404007073,0.9 INF 900X450X15 MDP 1 CUMARU
404007077,0.9 INF 900X450X15 MDP 1 NATURE
404007116,0.9 INF 900X450X15 MDP 1 CINAMO
404008006,0.9 SUP 900X450X15 MDP 2 OFF WHI
404008021,0.9 SUP 900X450X15 MDP 2 BCO AC
404008070,0.9 SUP 900X450X15 MDP 2 PTO AC
404008073,0.9 SUP 900X450X15 MDP 2 CUMARU
404008077,0.9 SUP 900X450X15 MDP 2 NATURE
404008116,0.9 SUP 900X450X15 MDP 2 CINAMO
404009006,0.9 ENCH LAT 890X85X15 MDP 3 OFF
404009021,0.9 ENCH LAT 890X85X15MDP3BCO AC
404009070,0.9 ENCH LAT 890X85X15 MDP3PTOAC
404009073,0.9 ENCH LAT 890X85X15 MDP 3 CUM
404009077,0.9 ENCH LAT 890X85X15 MDP 3 NAT
404009116,0.9 ENCH LAT 890X85X15 MDP 3 CIN
417001006,APOIO TAMPO 540X540X25 MDF N 1 OFF WHITE
417001073,APOIO TAMPO 540X540X25 MDF N 1 CUMARU
417001116,APOIO TAMPO 540X540X25 MDF 1 CINAMOMO
441001001,TAMPO 505X335X15 MDP 1 BRANCO
441001006,TAMPO 505X335X15 MDP 1 OFF WHITE
441001016,TAMPO 505X335X15 MDP 1 IMBUIA DM
441001077,TAMPO 505X335X15 MDP 1 NATURE
441001116,TAMPO 505X335X15 MDP 1 CINAMOMO
441002001,FUNDO APOIO 401X77X15 MDP 2 BRANCO
441002006,FUNDO APOIO 401X77X15 MDP 2 OFF WHITE
441002016,FUNDO APOIO 401X77X15 MDP 2 IMBUIA DM
441002077,FUNDO APOIO 401X77X15 MDP 2 NATURE
441002116,FUNDO APOIO 401X77X15 MDP 2 CINAMOMO
441003001,SUPORTE MOLD 850X69X15 MDF 3 BRANCO
441003006,SUPORTE MOLD 850X69X15 MDF 3 OFF WHITE
441003016,SUPORTE MOLD 850X69X15 MDF 3 IMBUIA DM
441003077,SUPORTE MOLD 850X69X15 MDF 3 NATURE
441003116,SUPORTE MOLD 850X69X15 MDF 3 CINAMOMO
441004001,LAT DIR 335X305X15 MDP 4 BRANCO
441004006,LAT DIR 335X305X15 MDP 4 OFF WHITE
441004016,LAT DIR 335X305X15 MDP 4 IMBUIA DM
441004077,LAT DIR 335X305X15 MDP 4 NATURE
441004116,LAT DIR 335X305X15 MDP 4 CINAMOMO
441005001,LAT ESQ 335X305X15 MDP 5 BRANCO
441005006,LAT ESQ 335X305X15 MDP 5 OFF WHITE
441005016,LAT ESQ 335X305X15 MDP 5 IMBUIA DM
441005077,LAT ESQ 335X305X15 MDP 5 NATURE
441005116,LAT ESQ 335X305X15 MDP 5 CINAMOMO
441006001,PRAT 440X305X15 MDP 6 BRANCO
441006006,PRAT 440X305X15 MDP 6 OFF WHITE
441006016,PRAT 440X305X15 MDP 6 IMBUIA DM
441006077,PRAT 440X305X15 MDP 6 NATURE
441006116,PRAT 440X305X15 MDP 6 CINAMOMO
441007001,BASE 505X335X15 MDP 7 BRANCO
441007006,BASE 505X335X15 MDP 7 OFF WHITE
441007016,BASE 505X335X15 MDP 7 IMBUIA DM
441007077,BASE 505X335X15 MDP 7 NATURE
441007116,BASE 505X335X15 MDP 7 CINAMOMO
441009001,MOLD ESQ 1090X59X15 MDF 9 BRANCO
441009006,MOLD ESQ 1090X59X15 MDF 9 OFF WHITE
441009016,MOLD ESQ 1090X59X15 MDF 9 IMBUIA DM
441009077,MOLD ESQ 1090X59X15 MDF 9 NATURE
441009116,MOLD ESQ 1090X59X15 MDF 9 CINAMOMO
441010001,MOLD DIR 1090X59X15 MDF 10 BRANCO
441010006,MOLD DIR 1090X59X15 MDF 10 OFF WHITE
441010016,MOLD DIR 1090X59X15 MDF 10 IMBUIA DM
441010077,MOLD DIR 1090X59X15 MDF 10 NATURE
441010116,MOLD DIR 1090X59X15 MDF 10 CINAMOMO
441011100,TRAVA MOLDURA 337X30X15 MDP 11
441012001,FRENTE GAV 450X128X15 MDP 12 BRANCO
441012006,FRENTE GAV 450X128X15 MDP 12 OFF WHITE
441012016,FRENTE GAV 450X128X15 MDP 12 IMBUIA DM
441012077,FRENTE GAV 450X128X15 MDP 12 NATURE
441012116,FRENTE GAV 450X128X15 MDP 12 CINAMOMO
441013001,LAT GAV 300X90X12 MDP 13 BRANCO REAL
441015001,C F GAV 390X75X12 MDP 15 BRANCO REAL
442001001,LAT 1740X320X15 MDP 1 BRANCO
442001004,LAT 1740X320X15 MDP 1 ROSA
442001006,LAT 1740X320X15 MDP 1 OFF WHITE
442001070,LAT 1740X320X15 MDP 1 PRETO AC
442001077,LAT 1740X320X15 MDP 1 NATURE
442001083,LAT 1740X320X15 MDP 1 VERDE BELLAGIO
442001116,LAT 1740X320X15 MDP 1 CINAMOMO
442002001,TAMPO 600X318X15 MDP 2 BRANCO
442002004,TAMPO 600X318X15 MDP 2 ROSA
442002077,TAMPO 600X318X15 MDP 2 NATURE
442002083,TAMPO 600X318X15 MDP 2 VERDE BELLAGIO
442002116,TAMPO 600X318X15 MDP 2 CINAMOMO
442003001,PRAT 600X318X15 MDP 3 BRANCO
442003004,PRAT 600X318X15 MDP 3 ROSA
442003077,PRAT 600X318X15 MDP 3 NATURE
442003083,PRAT 600X318X15 MDP 3 VERDE BELLAGIO
442003116,PRAT 600X318X15 MDP 3 CINAMOMO
442004001,BASE 600X318X15 MDP 4 BRANCO
442004004,BASE 600X318X15 MDP 4 ROSA
442004077,BASE 600X318X15 MDP 4 NATURE
442004083,BASE 600X318X15 MDP 4 VERDE BELLAGIO
442004116,BASE 600X318X15 MDP 4 CINAMOMO
442005001,RODAP/MOLD 600X63X15 MDP 5 BRANCO
442005004,RODAP/MOLD 600X63X15 MDP 5 ROSA
442005006,RODAP/MOLD 600X63X15 MDP 5 OFF WHITE
442005070,RODAP/MOLD 600X63X15 MDP 5 PRETO AC
442005077,RODAP/MOLD 600X63X15 MDP 5 NATURE
442005083,RODAP/MOLD 600X63X15 MDP 5 VERDE BELLAGIO
442005116,RODAP/MOLD 600X63X15 MDP 5 CINAMOMO
447001001,TAMPO 1250X450X25 MDP 1 BRANCO
447001070,TAMPO 1250X450X25 MDP 1 PTO AC
447001077,TAMPO 1250X450X25 MDP 1 NATURE
447001116,TAMPO 1250X450X25 MDP 1 CINAMOMO
447002001,LAT ESQ 670X430X15 MDP 2 BRANCO
447002006,LAT ESQ 670X430X15 MDP 2 OFF WHITE
447002070,LAT ESQ 670X430X15 MDP 2 PTO AC
447002077,LAT ESQ 670X430X15 MDP 2 NATURE
447002116,LAT ESQ 670X430X15 MDP 2 CINAMOMO
447003001,PRAT ESQ 345X380X15 MDP 3 BRANCO
447003006,PRAT ESQ 345X380X15 MDP 3 OFF WHITE
447003070,PRAT ESQ 345X380X15 MDP 3 PTO AC
447003077,PRAT ESQ 345X380X15 MDP 3 NATURE
447003116,PRAT ESQ 345X380X15 MDP 3 CINAMOMO
447004001,DIV 670X430X15 MDP 4 BRANCO
447004006,DIV 670X430X15 MDP 4 OFF WHITE
447004070,DIV 670X430X15 MDP 4 PTO AC
447004077,DIV 670X430X15 MDP 4 NATURE
447004116,DIV 670X430X15 MDP 4 CINAMOMO
447005001,BASE ESQ 450X385X15 MDP 5 BRANCO
447005006,BASE ESQ 450X385X15 MDP 5 OFF WHITE
447005070,BASE ESQ 450X385X15 MDP 5 PTO AC
447005077,BASE ESQ 450X385X15 MDP 5 NATURE
447005116,BASE ESQ 450X385X15 MDP 5 CINAMOMO
447006001,TRAVA 838X130X15 MDP 6 BRANCO
447006006,TRAVA 838X130X15 MDP 6 OFF WHITE
447006070,TRAVA 838X130X15 MDP 6 PTO AC
447006077,TRAVA 838X130X15 MDP 6 NATURE
447006116,TRAVA 838X130X15 MDP 6 CINAMOMO
447007001,LAT DIR 660X445X15 MDP 7 BRANCO
447007006,LAT DIR 660X445X15 MDP 7 OFF WHITE
447007070,LAT DIR 660X445X15 MDP 7 PTO AC
447007077,LAT DIR 660X445X15 MDP 7 NATURE
447007116,LAT DIR 660X445X15 MDP 7 CINAMOMO
447008001,FUNDO DIR 660X240X15 MDP 8 BRANCO
447008006,FUNDO DIR 660X240X15 MDP 8 OFF WHITE
447008070,FUNDO DIR 660X240X15 MDP 8 PTO AC
447008077,FUNDO DIR 660X240X15 MDP 8 NATURE
447008116,FUNDO DIR 660X240X15 MDP 8 CINAMOMO
447009001,PRAT DIR 230X420X25 MDP 9 BRANCO
447009006,PRAT DIR 230X420X25 MDP 9 OFF WHITE
447009070,PRAT DIR 230X420X25 MDP 9 PTO AC
447009077,PRAT DIR 230X420X25 MDP 9 NATURE
447009116,PRAT DIR 230X420X25 MDP 9 CINAMOMO
447010001,BASE CPU 265X450X25 MDP 10 BRANCO
447010006,BASE CPU 265X450X25 MDP 10 OFF WHITE
447010070,BASE CPU 265X450X25 MDP 10 PTO AC
447010077,BASE CPU 265X450X25 MDP 10 NATURE
447010116,BASE CPU 265X450X25 MDP 10 CINAMOMO
447012001,FRENTE GAV 360X120X15 MDP 11 BRANCO
447012006,FRENTE GAV 360X120X15 MDP 11 OFF WHIT
447012070,FRENTE GAV 360X120X15 MDP 11 PTO AC
447012077,FRENTE GAV 360X120X15 MDP 11 NATURE
447012116,FRENTE GAV 360X120X15 MDP 11 CINAMOMO
447013001,LAT GAV 300X90X12 MDP 13 BRANCO REAL
447015001,C F GAV 295X75X12 MDP 15 BRANCO REAL
452001006,TPO SUP 770X380X25 MDP 1 OFF WHITE
452001073,TPO SUP 770X380X25 MDP 1 CUMARU
452001116,TPO SUP 770X380X25 MDP 1 CINAMOMO
452001117,TPO SUP 770X380X25 MDP 1 CINAMOMO/OFF
452002006,LAT DIR 1360X370X15 MDP 2 OFF WHITE
452002070,LAT DIR 1360X370X15 MDP 2 PRETO ACET
452002117,LAT DIR 1360X370X15 MDP 2 CINAMOMO/OFF
452003006,PRAT 718X340X15 MDP 3 OFF WHITE
452003070,PRAT 718X340X15 MDP 3 PRETO ACETINADO
452004006,TAMPO COL 718X365X15 MDP 4 OFF WHITE
452004070,TAMPO COL 718X365X15 MDP 4 PRETO ACE
452004117,TAMPO COL 718X365X15 MDP 4 CINAMO/OFF
452005006,COLMEIA 112X356X15 MDP 5 OFF WHITE
452005073,COLMEIA 112X356X15 MDP 5 CUMARU
452005116,COLMEIA 112X356X15 MDP 5 CINAMOMO
452006006,DIV COLMEIA 718X360X15 MDP 6 OFF WHITE
452006073,DIV COLMEIA 718X360X15 MDP 6 CUMARU
452006116,DIV COLMEIA 718X360X15 MDP 6 CINAMOMO
452007006,LAT ESQ 1360X370X15 MDP 7 OFF WHITE
452007070,LAT ESQ 1360X370X15 MDP 7 PRETO ACET
452007117,LAT ESQ 1360X370X15 MDP 7 CINAMOMO/OFF
452008006,BASE 770X380X15 MDP 8 OFF WHITE
452008070,BASE 770X380X15 MDP 8 PRETO ACETINADO
452008116,BASE 770X380X15 MDP 8 CINAMOMO
452010006,F TRAS MAIOR 732X279X6 MDF 10 OFF WHIT
452010070,F TRAS MAIOR 732X279X6 MDF 10 PRE AC
452010116,F TRAS MAIOR 732X279X6 MDF 10 CINAMOMO
454001001,TAMPO 900X450X25 MDP 1 BRANCO
454001070,TAMPO 900X450X25 MDP 1 PTO AC
454001077,TAMPO 900X450X25 MDP 1 NATURE
454001116,TAMPO 900X450X25 MDP 1 CINAMOMO
454002001,PAINEL INF 890X340X15 MDP 2 BRANCO
454002070,PAINEL INF 890X340X15 MDP 2 PTO AC
454002077,PAINEL INF 890X340X15 MDP 2 NATURE
454002108,PAINEL INF 890X340X15 MDP 2 GRAFITE
454002116,PAINEL INF 890X340X15 MDP 2 CINAMOMO
454003001,PAINEL SUP 890X340X15 MDP 3 BRANCO
454003070,PAINEL SUP 890X340X15 MDP 3 PTO AC
454003077,PAINEL SUP 890X340X15 MDP 3 NATURE
454003108,PAINEL SUP 890X340X15 MDP 3 GRAFITE
454003116,PAINEL SUP 890X340X15 MDP 3 CINAMOMO
454004001,TRAVESSA 670X80X15 MDP 4 BRANCO
454004070,TRAVESSA 670X80X15 MDP 4 PTO AC
454004077,TRAVESSA 670X80X15 MDP 4 NATURE
454004108,TRAVESSA 670X80X15 MDP 4 GRAFITE
454004116,TRAVESSA 670X80X15 MDP 4 CINAMOMO
454005001,LAT PRAT SUP 670X150X15 MDP 5 BRANCO
454005006,LAT PRAT SUP 670X150X15 MDP 5 OFF WHITE
454005070,LAT PRAT SUP 670X150X15 MDP 5 PTO AC
454005116,LAT PRAT SUP 670X150X15 MDP 5 CINAMOMO
454006001,LAT DIR 795X430X15 MDP 6 BRANCO
454006070,LAT DIR 795X430X15 MDP 6 PTO AC
454006077,LAT DIR 795X430X15 MDP 6 NATURE
454006108,LAT DIR 795X430X15 MDP 6 GRAFITE
454006116,LAT DIR 795X430X15 MDP 6 CINAMOMO
454007001,DIV 390X430X15 MDP 7 BRANCO
454007070,DIV 390X430X15 MDP 7 PTO AC
454007077,DIV 390X430X15 MDP 7 NATURE
454007108,DIV 390X430X15 MDP 7 GRAFITE
454007116,DIV 390X430X15 MDP 7 CINAMOMO
454008001,PRAT 860X430X15 MDP 8 BRANCO
454008070,PRAT 860X430X15 MDP 8 PTO AC
454008077,PRAT 860X430X15 MDP 8 NATURE
454008108,PRAT 860X430X15 MDP 8 GRAFITE
454008116,PRAT 860X430X15 MDP 8 CINAMOMO
454009001,LAT ESQ 795X430X15 MDP 9 BRANCO
454009070,LAT ESQ 795X430X15 MDP 9 PTO AC
454009077,LAT ESQ 795X430X15 MDP 9 NATURE
454009108,LAT ESQ 795X430X15 MDP 9 GRAFITE
454009116,LAT ESQ 795X430X15 MDP 9 CINAMOMO
454010001,BASE 900X450X15 MDP 10 BRANCO
454010070,BASE 900X450X15 MDP 10 PTO AC
454010077,BASE 900X450X15 MDP 10 NATURE
454010108,BASE 900X450X15 MDP 10 GRAFITE
454010116,BASE 900X450X15 MDP 10 CINAMOMO
454011001,PRAT MAIOR DIR 310X148X15 MDP 11 BRANCO
454011006,PRAT MAIOR DIR 310X148X15 MDP 11 OFF WHI
454011070,PRAT MAIOR DIR 310X148X15 MDP 11 PTO AC
454011116,PRAT MAIOR DIR 310X148X15 MDP 11 CINAMOM
454012001,PRAT MENOR DIR 270X148X15 MDP 12 BRANCO
454012006,PRAT MENOR DIR 270X148X15 MDP 12 OFF WHI
454012070,PRAT MENOR DIR 270X148X15 MDP 12 PTO AC
454012116,PRAT MENOR DIR 270X148X15 MDP 12 CINAMOM
454013001,PRAT ESQ 500X100X15 MDP 13 BRANCO
454013006,PRAT ESQ 500X100X15 MDP 13 OFF WHITE
454013070,PRAT ESQ 500X100X15 MDP 13 PTO AC
454013116,PRAT ESQ 500X100X15 MDP 13 CINAMOMO
454014001,PORTA 400X315X15 MDP 14 BRANCO
454014006,PORTA 400X315X15 MDP 14 OFF WHITE
454014070,PORTA 400X315X15 MDP 14 PTO AC
454014077,PORTA 400X315X15 MDP 14 NATURE
454014108,PORTA 400X315X15 MDP 14 GRAFITE
454014116,PORTA 400X315X15 MDP 14 CINAMOMO
472001006,670 TAMPO 675X675X25 MDF N 1 OFF WHITE
472001021,670 TAMPO 675X675X25 MDF N 1 BCO AC
472001070,670 TAMPO 675X675X25 MDF N 1 PRETO ACETINADO
472001073,670 TAMPO 675X675X25 MDF N 1 CUMARU
472001111,670 TAMPO 675X675X25 MDF N 1 ALECRIM
473001006,590 TAMPO 590X590X25 MDF N 1 OFF WHITE
473001021,590 TAMPO 590X590X25 MDF N 1 BCO AC
473001070,590 TAMPO 590X590X25 MDF N 1 PRETO ACETINADO
473001073,590 TAMPO 590X590X25 MDF N 1 CUMARU
473001111,590 TAMPO 590X590X25 MDF N 1 ALECRIM
476001006,440 TAMPO 440X440X25 MDF 1 OFF WHITE
476001021,440 TAMPO 440X440X25 MDF 1 BCO AC
476001070,440 TAMPO 440X440X25 MDF 1 PRETO ACETINADO
476001073,440 TAMPO 440X440X25 MDF 1 CUMARU
476001077,440 TAMPO 440X440X25 MDF 1 NATURE
476001111,440 TAMPO 440X440X25 MDF 1 ALECRIM
477001006,530 TAMPO 530X530X25 MDF 1 OFF WHITE
477001021,530 TAMPO 530X530X25 MDF 1 BCO AC
477001070,530 TAMPO 530X530X25 MDF 1 PRETO AC
477001073,530 TAMPO 530X530X25 MDF 1 CUMARU
477001111,530 TAMPO 530X530X25 MDF 1 ALECRIM
478001001,TAMPO 1200X450X25 MDF 1 BRANCO
478001004,TAMPO 1200X450X25 MDF 1 ROSA
478001111,TAMPO 1200X450X25 MDF 1 ALECRIM
478002001,LAT EXT ESQ 345X425X15 MDP 2 BRANCO
478002004,LAT EXT ESQ 345X425X15 MDP 2 ROSA
478002111,LAT EXT ESQ 345X425X15 MDP 2 ALECRIM
478003001,TRAV FRO MENOR 306X50X15 MDF 3 BRANCO
478003004,TRAV FRO MENOR 306X50X15 MDF 3 ROSA
478003111,TRAV FRO MENOR 306X50X15 MDF 3 ALECRIM
478004001,LAT INT ESQ 345X425X15 MDP 4 BRANCO
478004004,LAT INT ESQ 345X425X15 MDP 4 ROSA
478004111,LAT INT ESQ 345X425X15 MDP 4 ALECRIM
478005001,TRAV FRO MAIOR 485X50X15 MDF 5 BRANCO
478005004,TRAV FRO MAIOR 485X50X15 MDF 5 ROSA
478005111,TRAV FRO MAIOR 485X50X15 MDF 5 ALECRIM
478006001,LAT INT DIR 345X425X15 MDP 6 BRANCO
478006004,LAT INT DIR 345X425X15 MDP 6 ROSA
478006111,LAT INT DIR 345X425X15 MDP 6 ALECRIM
478007001,LAT EXT DIR 345X425X15 MDP 7 BRANCO
478007004,LAT EXT DIR 345X425X15 MDP 7 ROSA
478007111,LAT EXT DIR 345X425X15 MDP 7 ALECRIM
478008001,BASE DIR/ESQ 345X426X15 MDP 8 BRANCO
478008004,BASE DIR/ESQ 345X426X15 MDP 8 ROSA
478008111,BASE DIR/ESQ 345X426X15 MDP 8 ALECRIM
478009001,TRAVA 485X344X15 MDP 9 BRANCO
478009004,TRAVA 485X344X15 MDP 9 ROSA
478009111,TRAVA 485X344X15 MDP 9 ALECRIM
478011001,LAT MOLD ESQ/DIR 680X120X15 MDP 11 BRANCO
478011004,LAT MOLD ESQ/DIR 680X120X15 MDP 11 ROSA
478011083,LAT MOLD ESQ/DIR 680X120X15 MDP 11 VERDE BE
478011111,LAT MOLD ESQ/DIR 680X120X15 MDP 11 ALECRIM
478012001,MOLD ESP 1030X680X15 MDF 12 BRANCO
478012004,MOLD ESP 1030X680X15 MDF 12 ROSA
478012111,MOLD ESP 1030X680X15 MDF 12 ALECRIM
478015001,TAMPO MOLD 1070X130X15 MDP 15 BRANCO
478015004,TAMPO MOLD 1070X130X15 MDP 15 ROSA
478015111,TAMPO MOLD 1070X130X15 MDP 15 ALECRIM
478016001,FRT GAV MENOR 320X150X15 MDP 16 BRANCO
478016004,FRT GAV MENOR 320X150X15 MDP 16 ROSA
478016111,FRT GAV MENOR 320X150X15 MDP 16 ALECRIM
478017001,LAT GAV 290X100X12 MDF 17 BRANCO
478017004,LAT GAV 290X100X12 MDF 17 ROSA
478017111,LAT GAV 290X100X12 MDF 17 ALECRIM
478019001,C F GAV 282X100X12 MDF 19 BRANCO
478019004,C F GAV 282X100X12 MDF 19 ROSA
478019111,C F GAV 282X100X12 MDF 19 ALECRIM
478020001,FRT GAV MAIOR 495X150X15 MDP 20 BRANCO
478020004,FRT GAV MAIOR 495X150X15 MDP 20 ROSA
478020111,FRT GAV MAIOR 495X150X15 MDP 20 ALECRIM
478022001,C F GAV 460X100X12 MDF 22 BRANCO
478022004,C F GAV 460X100X12 MDF 22 ROSA
478022111,C F GAV 460X100X12 MDF 22 ALECRIM
478024100,BASE BANQUETA 450X300X25 MDP 24
479001001,TAMPO 445X428X18 MDF N 1 BRANCO
479001006,TAMPO 445X428X18 MDF N 1 OFF WHITE
479001116,TAMPO 445X428X18 MDF N 1 CINAMOMO
479002001,LAT ESQ 615X420X18 MDF N 2 BRANCO
479002006,LAT ESQ 615X420X18 MDF N 2 OFF WHITE
479002116,LAT ESQ 615X420X18 MDF N 2 CINAMOMO
479003001,LAT INT ESQ 615X420X18 MDF N 3 BRANCO
479003006,LAT INT ESQ 615X420X18 MDF N 3 OFF WHITE
479003116,LAT INT ESQ 615X420X18 MDF N 3 CINAMOMO
479004001,BASE 445X428X18 MDF N 4 BRANCO
479004006,BASE 445X428X18 MDF N 4 OFF WHITE
479004116,BASE 445X428X18 MDF N 4 CINAMOMO
479006001,FRENTE GAV MENOR 390X150X15 MDF N 6 BRANCO
479006006,FRENTE GAV MENOR 390X150X15 MDF N 6 OFF WHITE
479007001,LAT GAV 360X110X15 MDF 7 BRANCO
479007006,LAT GAV 360X110X15 MDF 7 OFF WHITE
479009001,C F GAV MENOR 372X110X15 MDF 9 BRANCO
479009006,C F GAV MENOR 372X110X15 MDF 9 OFF WHITE
479010001,FRENTE GAV MAIOR 488X150X15 MDF N 10 BRANCO
479010006,FRENTE GAV MAIOR 488X150X15 MDF N 10 OFF WHITE
479012001,C F GAV MAIOR 468X110X15 MDF 12 BRANCO
479012006,C F GAV MAIOR 468X110X15 MDF 12 OFF WHITE
479013001,TRAV TRAS 493X130X15 MDF N 13 BRANCO
479013006,TRAV TRAS 493X130X15 MDF N 13 OFF WHITE
479013116,TRAV TRAS 493X130X15 MDF N 13 CINAMOMO
479014001,TRAV FRONTAL 493X82X15 MDF N 14 BRANCO
479014006,TRAV FRONTAL 493X82X15 MDF N 14 OFF WHITE
479014116,TRAV FRONTAL 493X82X15 MDF N 14 CINAMOMO
479015001,LAT DIR 790X425X18 MDF N 15 BRANCO
479015006,LAT DIR 790X425X18 MDF N 15 OFF WHITE
479015116,LAT DIR 790X425X18 MDF N 15 CINAMOMO
479019001,MOLD ESPELHO 920X675X15 MDF N 19 BRANCO
479019006,MOLD ESPELHO 920X675X15 MDF N 19 OFF WHITE
479019116,MOLD ESPELHO 920X675X15 MDF N 19 CINAMOMO
480001001,TAMPO 445X428X18 MDF N 1 BRANCO
480001006,TAMPO 445X428X18 MDF N 1 OFF WHITE
480001116,TAMPO 445X428X18 MDF N 1 CINAMOMO
480002001,LAT ESQ 615X420X18 MDF N 2 BRANCO
480002006,LAT ESQ 615X420X18 MDF N 2 OFF WHITE
480002116,LAT ESQ 615X420X18 MDF N 2 CINAMOMO
480003001,LAT INT ESQ 615X420X18 MDF N 3 BRANCO
480003006,LAT INT ESQ 615X420X18 MDF N 3 OFF WHITE
480003116,LAT INT ESQ 615X420X18 MDF N 3 CINAMOMO
480004001,BASE 445X428X18 MDF N 4 BRANCO
480004006,BASE 445X428X18 MDF N 4 OFF WHITE
480004116,BASE 445X428X18 MDF N 4 CINAMOMO
480006001,FRENTE GAV MENOR 390X150X15 MDF N 6 BRANCO
480006006,FRENTE GAV MENOR 390X150X15 MDF N 6 OFF WHITE
480007001,LAT GAV 360X110X15 MDF 7 BRANCO
480007006,LAT GAV 360X110X15 MDF 7 OFF WHITE
480009001,C F GAV MENOR 372X110X15 MDF 9 BRANCO
480009006,C F GAV MENOR 372X110X15 MDF 9 OFF WHITE
480010001,FRENTE GAV MAIOR 488X150X15 MDF N 10 BRANCO
480010006,FRENTE GAV MAIOR 488X150X15 MDF N 10 OFF WHIT
480012001,C F GAV MAIOR 468X110X15 MDF 12 BRANCO
480012006,C F GAV MAIOR 468X110X15 MDF 12 OFF WHITE
480013001,TRAV TRAS 493X130X15 MDF N 13 BRANCO
480013006,TRAV TRAS 493X130X15 MDF N 13 OFF WHITE
480013116,TRAV TRAS 493X130X15 MDF N 13 CINAMOMO
480014001,TRAV FRONTAL 493X82X15 MDF N 14 BRANCO
480014006,TRAV FRONTAL 493X82X15 MDF N 14 OFF WHITE
480014116,TRAV FRONTAL 493X82X15 MDF N 14 CINAMOMO
480015001,LAT INT DIR 615X420X18 MDF N 15 BRANCO
480015006,LAT INT DIR 615X420X18 MDF N 15 OFF WHITE
480015116,LAT INT DIR 615X420X18 MDF N 15 CINAMOMO
480016001,LAT DIR 615X420X18 MDF N 16 BRANCO
480016006,LAT DIR 615X420X18 MDF N 16 OFF WHITE
480016116,LAT DIR 615X420X18 MDF N 16 CINAMOMO
480020001,MOLD ESPELHO 1340X675X15 MDF N 20 BRANCO
480020006,MOLD ESPELHO 1340X675X15 MDF N 20 OFF WHITE
480020116,MOLD ESPELHO 1340X675X15 MDF N 20 CINAMOMO
481001006,BASE 1555X276X15 MDP 1 OFF WHITE
481001093,BASE 1555X276X15 MDP 1 CANELATO
481001116,BASE 1555X276X15 MDP 1 CINAMOMO
481002006,LAT ESQ 255X235X15 MDP 2 OFF WHITE
481002073,LAT ESQ 255X235X15 MDP 2 CUMARU
481002093,LAT ESQ 255X235X15 MDP 2 CANELATO
481002095,LAT ESQ 255X235X15 MDP 2 NOVARE
481002108,LAT ESQ 255X235X15 MDP 2 GRAFITE
481002116,LAT ESQ 255X235X15 MDP 2 CINAMOMO
481003006,DIV 255X235X15 MDP 3 OFF WHITE
481003073,DIV 255X235X15 MDP 3 CUMARU
481003093,DIV 255X235X15 MDP 3 CANELATO
481003095,DIV 255X235X15 MDP 3 NOVARE
481003108,DIV 255X235X15 MDP 3 GRAFITE
481003116,DIV 255X235X15 MDP 3 CINAMOMO
481004006,LAT DIR 255X235X15 MDP 4 OFF WHITE
481004073,LAT DIR 255X235X15 MDP 4 CUMARU
481004093,LAT DIR 255X235X15 MDP 4 CANELATO
481004095,LAT DIR 255X235X15 MDP 4 NOVARE
481004108,LAT DIR 255X235X15 MDP 4 GRAFITE
481004116,LAT DIR 255X235X15 MDP 4 CINAMOMO
481005006,TRAV FRONTAL 750X50X15 MDF 5 OFF WHITE
481005073,TRAV FRONTAL 750X50X15 MDF 5 CUMARU
481005093,TRAV FRONTAL 750X50X15 MDF 5 CANELATO
481005095,TRAV FRONTAL 750X50X15 MDF 5 NOVARE
481005108,TRAV FRONTAL 750X50X15 MDF 5 GRAFITE
481005116,TRAV FRONTAL 750X50X15 MDF 5 CINAMOMO
481006006,TAMPO 1590X290X25 MDF 6 OFF WHITE
481006093,TAMPO 1590X290X25 MDF 6 CANELATO
481006116,TAMPO 1590X290X25 MDF 6 CINAMOMO
481007006,PAINEL INF 1600X500X15 MDP 7 OFF WHITE
481007073,PAINEL INF 1600X500X15 MDP 7 CUMARU
481007093,PAINEL INF 1600X500X15 MDP 7 CANELATO
481007095,PAINEL INF 1600X500X15 MDP 7 NOVARE
481007108,PAINEL INF 1600X500X15 MDP 7 GRAFITE
481007116,PAINEL INF 1600X500X15 MDP 7 CINAMOMO
481009006,ENCHIMENTO LAT 1490X80X25 MDP 8 OFF WHITE
481009073,ENCHIMENTO LAT 1490X80X25 MDP 8 CUMARU
481009093,ENCHIMENTO LAT 1490X80X25 MDP 8 CANELATO
481009095,ENCHIMENTO LAT 1490X80X25 MDP 8 NOVARE
481009116,ENCHIMENTO LAT 1490X80X25 MDP 8 CINAMOMO
481010006,PAINEL CENTRAL 1600X500X15 MDP 9 OFF WHITE
481010073,PAINEL CENTRAL 1600X500X15 MDP 9 CUMARU
481010093,PAINEL CENTRAL 1600X500X15 MDP 9 CANELATO
481010095,PAINEL CENTRAL 1600X500X15 MDP 9 NOVARE
481010108,PAINEL CENTRAL 1600X500X15 MDP 9 GRAFITE
481010116,PAINEL CENTRAL 1600X500X15 MDP 9 CINAMOMO
481011006,PAINEL SUP 1600X500X15 MDP 10 OFF WHITE
481011073,PAINEL SUP 1600X500X15 MDP 10 CUMARU
481011093,PAINEL SUP 1600X500X15 MDP 10 CANELATO
481011095,PAINEL SUP 1600X500X15 MDP 10 NOVARE
481011108,PAINEL SUP 1600X500X15 MDP 10 GRAFITE
481011116,PAINEL SUP 1600X500X15 MDP 10 CINAMOMO
481012006,PRAT SUP 1240X150X25 MDP 11 OFF WHITE
481012093,PRAT SUP 1240X150X25 MDP 11 CANELATO
481012116,PRAT SUP 1240X150X25 MDP 11 CINAMOMO
481013100,SUPORTE FIXACAO MAIOR 1410X80X25 MDP 12
481014100,SUPORTE FIXACAO MENOR 540X80X25 MDP 13
481015006,APLIQUE PAINEL 1215X80X15 MDF 14 OFF WHITE
481015093,APLIQUE PAINEL 1215X80X15 MDF 14 CANELATO
481015116,APLIQUE PAINEL 1215X80X15 MDF 14 CINAMOMO
481016006,PORTA 768X200X15 MDP 15 OFF WHITE
481016073,PORTA 768X200X15 MDP 15 CUMARU
481016093,PORTA 768X200X15 MDP 15 CANELATO
481016095,PORTA 768X200X15 MDP 15 NOVARE
481016108,PORTA 768X200X15 MDP 15 GRAFITE
481016116,PORTA 768X200X15 MDP 15 CINAMOMO
481017100,SUP FIXACAO MAIOR PAREDE 1360X80X25 MDP 16
481018100,SUP FIXACAO MENOR PAREDE 540X80X25 MDP 17
483001001,LAT DIR/ESQ 420X385X15 MDF 1 BRANCO
483001006,LAT DIR/ESQ 420X385X15 MDF 1 OFF WHITE
483002001,TRAVA 405X120X15 MDF 2 BRANCO
483002006,TRAVA 405X120X15 MDF 2 OFF WHITE
483003100,ASSENTO 402X375X15 MDF 3
484001021,TAMPO 1366X400X15 MDP 6 BRANCO FOSCO
484001073,TAMPO 1366X400X15 MDP 6 CEDRO
484001083,TAMPO 1366X400X15 MDP 6 MENTA FOSCO
484001084,TAMPO 1366X400X15 MDP 6 MARSALA FOSCO
484002021,LAT DIR 350X380X15 MDP 5 BRANCO FOSCO
484002070,LAT DIR 350X380X15 MDP 5 PRETO FOSCO
484002083,LAT DIR 350X380X15 MDP 5 MENTA FOSCO
484002084,LAT DIR 350X380X15 MDP N 5 MARSALA FOSCO
484003021,PRAT 650X380X15 MDP N 4 BRANCO FOSCO
484003070,PRAT 650X380X15 MDP 4 PRETO FOSCO
484003083,PRAT 650X380X15 MDP N 4 MENTA FOSCO
484003084,PRAT 650X380X15 MDP N 4 MARSALA FOSCO
484004021,DIV 350X380X15 MDP 3 BRANCO FOSCO
484004070,DIV 350X380X15 MDP 3 PRETO FOSCO
484004083,DIV 350X380X15 MDP 3 MENTA FOSCO
484004084,DIV 350X380X15 MDP 3 MARSALA FOSCO
484005021,LAT ESQ 350X380X15 MDP N 2 BRANCO FOSCO
484005070,LAT ESQ 350X380X15 MDP 2 PRETO FOSCO
484005083,LAT ESQ 350X380X15 MDP N 2 MENTA FOSCO
484005084,LAT ESQ 350X380X15 MDP N 2 MARSALA FOSCO
484006021,BASE 1366X400X15 MDP N 1 BRANCO FOSCO
484006070,BASE 1366X400X15 MDP 1 PRETO FOSCO
484006083,BASE 1366X400X15 MDP N 1 MENTA FOSCO
484006084,BASE 1366X400X15 MDP N 1 MARSALA FOSCO
484007021,PORTA BASC 660X235X15 MDP N 8 BRANCO FOSCO
484007070,PORTA BASC 660X235X15 MDP 8 PRETO FOSCO
484007083,PORTA BASC 660X235X15 MDP N 8 MENTA FOSCO
484007084,PORTA BASC 660X235X15 MDP N 8 MARSALA FOSCO
484008021,PORTA DIR/ESQ 345X336X15 MDP N 9 BRANCO FOSC
484008070,PORTA DIR/ESQ 345X336X15 MDP 9 PRETO FOSCO
484008083,PORTA DIR/ESQ 345X336X15 MDP N 9 MENTA FOSCO
484008084,PORTA DIR/ESQ 345X336X15 MDP N 9 MARSALA FOS
497001006,LAT DIR 735X503X15 MDP 1 OFF WHITE
497001021,LAT DIR 735X503X15 MDP 1 BCO AC
497001070,LAT DIR 735X503X15 MDP 1 PTO AC
497002006,RODAPE 440X60X15 MDP 2 OFF WHITE
497002021,RODAPE 440X60X15 MDP 2 BCO AC
497002070,RODAPE 440X60X15 MDP 2 PTO AC
497003073,BASE 500X440X15 MDP 3 CUMARU
497003116,BASE 500X440X15 MDP 3 CINAMOMO
497004006,LAT ESQ 735X503X15 MDP 4 OFF WHITE
497004021,LAT ESQ 735X503X15 MDP 4 BCO AC
497004070,LAT ESQ 735X503X15 MDP 4 PTO AC
497005073,TAMPO 1360X545X25 MDF 5 CUMARU
497005116,TAMPO 1360X545X25 MDF 5 CINAMOMO
497008073,PRAT MOVEL 440X400X15 MDP 8 CUMARU
497008116,PRAT MOVEL 440X400X15 MDP 8 CINAMOMO
497009006,FRENTE GAV 450X120X15 MDP 9 OFF WHITE
497009021,FRENTE GAV 450X120X15 MDP 9 BCO AC
497009070,FRENTE GAV 450X120X15 MDP 9 PTO AC
497010006,LAT GAV 290X100X12 MDF 10 OFF WHITE
497010021,LAT GAV 290X100X12 MDF 10 BCO AC
497010070,LAT GAV 290X100X12 MDF 10 PTO AC
497012006,C F GAV 416X100X12 MDF 12 OFF WHITE
497012021,C F GAV 416X100X12 MDF 12 BCO AC
497012070,C F GAV 416X100X12 MDF 12 PTO AC
497013006,PORTA 540X450X15 MDP 13 OFF WHITE
497013021,PORTA 540X450X15 MDP 13 BCO AC
497013070,PORTA 540X450X15 MDP 13 PTO AC
601002005,VIDRO 04MM 1095X353 TEMP/RETO/FURO CRISTAL SELLER
601002006,VIDRO 03MM 485X90 CENTRO LUMINOS
601003009,VIDRO
601003011,VIDRO 04MM 490X325 RETO/TEMPERADO PENT MEL/ELOA
601003012,VIDRO PRAT 04MM 825X360X04 TEMP RAIO 45 CRIST FLIP
601003013,VIDRO PORTA 04MM 1340X365 TEMP C/ FURO CRIST FLIP
601003014,VIDRO PORTA 04MM 1350X355 TEMP C/FURO CRIST ORION
601006010,VIDRO 06MM 300X180 CANTO TIC/TEMP HOME SUSP PARIS
601009003,VIDRO 03MM 598X250 INC JULIANA
602002001,ESPELHO 03MM 1150X300 CHAPEU MAGIC/MAGIC NEW
602002009,ESPELHO 03MM 660X550 MODULADO PENTEADEIRA DUDA
602002014,ESPELHO 03MM 500X380 MODULADO PRINCESA (450X330)
602002018,ESPELHO 03MM 600X300 CHAPEU DALILA NEW
602002019,ESPELHO 03MM 330X310 2 CANTO MOEDA JUMA
602002021,ESPELHO 03MM 700X500 PENTEADEIRA YASMIN
602002022,ESPELHO 03MM 480X300 HOME SUSPENSO PARIS
602002024,ESPELHO 03MM 863X418 RET LAP MESA CENTR ADAPT
602002026,ESPELHO 03MM 1600X350 RETO/LAPID SAP LISBOA
602002027,ESPELHO 03MM 715X263 CRISTALERA SELLER
602002028,ESPELHO 03MM 320X320 RETO/LAP COMODA JUMA NEW
602002029,ESPELHO 03MM 864X418 KIT MESA CENTRO STAR
602002030,ESPELHO 03MM 468X364 KIT MESA LATERAL STAR
602002031,ESPELHO 03MM 638X355 KIT BAR LEBLON
602002032,ESPELHO 03MM 882X317 KIT APARADOR GOLDEN
602002033,ESPELHO 03MM 850X580 PENTEADEIRA CAMARIM STRASS
602002034,ESPELHO 03MM 1200X560 PENTEADEIRA ELOA
602002035,ESPELHO 03MM 780X560 RETO PENTEADEIRA MEL
602002036,ESPELHO 03MM 1020X500 LAP/POL PENT DIAMANTE
602002037,ESPELHOS DIVERSOS
602002038,ESPELHO 03MM 650X505 PENTEADEIRA LAURA
602002039,ESPELHO 03MM 830X333 CRISTALEIRA FLIP
602002040,ESPELHO 03MM 830X252 CRISTALEIRA FLIP
602002041,ESPELHO 03MM 715X345 CRISTALEIRA ORION
602002042,ESPELHO 03MM 715X318 CRISTALEIRA ORION
602002043,ESPELHO 03MM 375X355 ESPELHEIRA VERSATIL
602002044,ESPELHO 03MM 500X500 REDONDO JATEADO LED TRICOR
603001056,KIT MESA CENTRO PRISCILA PLUS
603001057,KIT MESA LATERAL PRISCILA PLUS
603001061,KIT BOMBE PREMIER
603001076,KIT PENTEADEIRA DUDA
603001078,KIT COMODA LIZ
603001085,KIT CABECEIRA RUBI
603001088,KIT LIVREIRO ESTANTE/BOOK
603001091,KIT PENTEADEIRA PRINCESA
603001092,KIT MESA COMPUTADOR SPACE
603001099,KIT RACK ESTRELA
603001101,KIT SAPATEIRA SPAZIO
603001104,KIT PAINEL YAN/PAINEL SIRIUS 0.9
603001106,KIT RACK TOPAZIO
603001108,KIT PAINEL TOPAZIO/PAINEL SIRIUS 1.4
603001109,KIT RACK YAN
603001110,KIT MESAS SKINNY/MESAS LUNA/MESAS LINS
603001111,KIT COMODA ARIANA COM ESPELHO
603001114,KIT PARAFUSOS MESAS LEGS
603001121,KIT MESAS EVOLUTION/SUPREME
603001133,KIT EXPOSITOR PATRIMAR
603001144,KIT BERCO ARCO IRIS
603001145,KIT BERCO SONOSUAVE
603001147,KIT TOUCADOR MAGIC NEW
603001152,KIT MESA COMPUTADOR MILLION
603001154,KIT LIVREIRO ENCANTO
603001160,KIT SAPATEIRA LISBOA
603001162,KIT APARADOR SELLER
603001166,KIT CRISTALEIRA SELLER
603001168,KIT BERCO ALGODAO DOCE
603001169,KIT CANTINHO DO CAFE ACONCHEGO (PASSA FIO PRETO)
603001175,KIT NICHO MILLION
603001185,KIT SUPORTE TV PAINEL (EXPORTACAO)
603001187,KIT BAR LEBLON
603001189,KIT PAINEL ITALIA
603001190,KIT SISTEMA ELETRICO 08 PENTEADEIRA CAMARIM STRASS
603001191,KIT PENTEADEIRA CAMARIM STRASS
603001195,KIT PENTEADEIRA ELOA
603001196,KIT PENTEADEIRA MEL
603001198,KIT BANQUETA VERSATIL
603001200,KIT ASSISTENCIA TECNICA EUA 01
603001201,KIT RACK BRITO 137
603001208,KIT SAPATEIRA HAMPTON
603001209,KIT ARMARIO HAMPTON
603001213,KIT ARMARIO PRISM
603001214,KIT BALCAO PRISM
603001216,KIT ESCRIVANINHA PRISM
603001217,KIT PENTEADEIRA ATRAENTE
603001220,KIT ASSISTENCIA TECNICA ETIQUETA
603001221,KIT PAINEL PRISM 1.4
603001222,KIT PAINEL PRISM 1.6
603001223,KIT PAINEL PRISM 1.8
603001224,KIT RACK PRISM 1.4
603001225,KIT RACK PRISM 1.6
603001226,KIT RACK PRISM 1.8
603001228,KIT MESA CENTRO PRISM
603001230,KIT PAINEL MARSELHA 1.8
603001231,KIT PAINEL MARSELHA 1.6
603001232,KIT PAINEL MARSELHA 1.36
603001233,KIT RACK MARSELHA 1.36
603001234,KIT RACK MARSELHA 1.6
603001235,KIT RACK MARSELHA 1.8
603001236,KIT PAINEL HOME TREND
603001237,KIT MESA CENTRO LAILA
603001240,KIT BUFFET 4 PORTAS PRISM
603001241,KIT BUFFET 2 PORTAS PRISM
603001242,KIT MESA CABECEIRA BILL
603001243,KIT MESA LATERAL PRISM
603001245,KIT BUFFET 3 PORTAS PARIS
603001248,KIT MESA CABECEIRA SLIM
603001249,KIT CONJ 2 MESAS SLIM
603001254,KIT PAINEL OTTO
603001255,KIT BUFFET LOUISE
603001256,KIT PENTEADEIRA CAMARIM 1PT 2 GAV DIAMANTE
603001257,KIT SISTEMA ELETRICO 04 SOQUETES PENTEAD DIAMANTE
603001258,KIT SAPATEIRA COM ASSENTO HALL
603001259,KIT SAPATEIRA COM ASSENTO CHARLOTTE
603001260,KIT PAINEL DIJON
603001266,KIT BUFFET VENEZA
603001267,KIT COMODA SAPATEIRA DUBAI
603001269,KIT BALCAO MULTI USO THOR
603001270,KIT LIVREIRO ESTANTE MULTIUSO THOR
603001271,KIT PAINEL INTENSE
603001273,KIT BUFFET CLASSIC
603001274,KIT BERCO 5 GAVETAS GOLDEN
603001275,KIT APARADOR RUBI
603001276,KIT ARMARIO AEREO JESSICA
603001277,KIT CAFE SIENA
603001278,KIT ESCRIVANINHA TAURUS
603001279,KIT LIVREIRO TAURUS
603001280,KIT ESCRIVANINHA BELLA
603001281,KIT PAINEL/HOME SUPREMO 2.3 PASSA FIO NATURE
603001282,KIT FERRAGEM HOME RIP ANTARES 1.8 (P FIO MARRON)
603001283,KIT NICHO 2.0
603001284,KIT PAINEL/HOME RIPA SUPREMO 1.8 PASSA FIO NATURE
603001285,KIT NICHO 1.6
603001286,KIT RACK NATURE
603001287,KIT RACK SHOW
603001288,KIT PENTEADEIRA LAURA
603001289,KIT MESAS DECOR
603001293,KIT MODULO RIPADO SUPREMO 0.496
603001294,KIT MODULO RIPADO SUPREMO 0.945
603001295,KIT RACK SIRIUS 0.9
603001296,KIT RACK SIRIUS 1.4
603001297,KIT RACK SIRIUS 1.6
603001298,KIT PAINEL RIPADO DELTA 2.3 (PASSA FIO OFF WHITE)
603001299,KIT PAINEL RIPADO DELTA 1.8 (PASSA FIO OFF WHITE)
603001300,KIT PAINEL SIRIUS 1.6
603001301,KIT CANTINHO DO CAFE ACONCHEGO PASSA FIO BRANCO
603001303,KIT PAINEL RIPADO DELTA 2.3 PASSA FIO MARROM
603001304,KIT PAINEL RIPADO DELTA 1.8 PASSA FIO MARRON
603001305,KIT ROUPEIRO GOLDEN
603001306,KIT COMODA GOLDEN
603001307,KIT EXPOSITOR RETO
603001308,KIT EXPOSITOR U
603001309,KIT PAINEL/HOME SUPREMO 2.3 PASSA FIO ARGILA
603001310,KIT PAINEL/HOME RIPAD SUPREMO 1.8 PASSA FIO ARGILA
603001311,KIT APARADOR VEGAS
603001312,KIT ESCRIVANINHA GAMER
603001313,KIT MESA CABECEIRA SLEEP
603001314,KIT PAINEL MILAO
603001315,KIT MESA CABECEIRA PRIME
603001316,KIT MULTIUSO RYAN
603001317,KIT MULTIUSO CAUE
603001318,KIT BUFFET 3 PORTAS PRISM
603001319,KIT FERRAGEM CRISTALEIRA FLIP
603001340,KIT PIVOLTANTE P/ PORTA DE VIDRO
603001341,KIT FERRAGEM BUFFET FLIP 1.6/1.8
603001342,KIT FERRAGEM RACK FLIP 1.8/2.2
603001343,KIT FERRAGEM CRISTALEIRA ORION
603001344,KIT FERRAGEM MESA GAMER GTX/ENCANTO
603001345,KIT FERRAGEM ARMARIO GAMER GTX/ENCANTO
603001346,KIT FERRAGEM ESPELHEIRA VERSATIL
603001347,KIT FERRAGEM CANTINHO DO CAFE AURORA
603001348,KIT FERRAGEM MESA CABECEIRA MAVIE
603001349,KIT FERRAGEM MESA CENTRO SLIM
603001350,KIT FERRAGEM RACK JOAQUIM
603001352,KIT CONJUNTO 2 MESA CABECEIRA SLEEP
603001353,KIT FERRAGEM EXPOSITOR PATRIMAR II
603001354,KIT FERRAGEM RACK FLIP 1.6
603001355,KIT FERRAGEM BUFFET FLIP 1.2
603001356,KIT FERRAGEM HOME RIP ANTARES 1.4 (P FIO MARRON)
603001357,KIT FERRAGEM NICHO IMPACTO 1.2/1.6/2.0
603001358,KIT FERRAGEM PAINEL IMPACTO 2.3 PASSA FIO MARROM
603001359,KIT FERRAGEM PAINEL IMPACTO 1.8 PASSA FIO MARROM
603001360,KIT FERRAGEM PAINEL IMPACTO 1.4 PASSA FIO MARROM
603001361,KIT FERRAGEM RACK OASIS
603001362,KIT FERRAGEM HOME ANGEL 1.6/1.8 PASSA FIO MARROM
603001363,KIT FERRAGEM HOME ANGEL 1.6/1.8 PASSA FIO OFF WHIT
603001364,KIT FERRAGEM BUFFET FLIP 0.9
603001365,KIT FERRAGEM RACK INTENSE
603001366,KIT FERRAGEM MESA CABECEIRA MADERO
603001370,KIT FERRAGEM ESCRIVANINHA CANTO MALTA
603001379,KIT FERRAGEM PENTEADEIRA EVORA
603002001,DESLIZADOR REGULAVEL TB-20
603002002,GUIA C/ MOLA TB-20
603002025,TRILHO 770MM SISTEMA SP 55 TB30
603003003,CORREDICA METALICA 350 MM
603003004,CORREDICA METALICA 400 MM
603003010,CORREDICA METALICA 300 MM CINZA
603003011,CORREDICA TELESCOPICA 300 MM MINI LIGHT
603003013,CORREDICA 350 METALICA 3600 EXPORTACAO (CHAPA GROS
603003014,CORREDICA TELESCOPICA 250MM
603004013,RODIZIO BR50 CH RETA PRETO SEM TRAVA
603004014,RODIZIO BR50 PRETO CHR 40X40X67 S/TRAVA C/CALOTA
603004015,RODIZIO BR50 PRETO CHR 40X40X67 C/TRAVA C/CALOTA
603004017,RODIZIO BR50 CH RETA PRETO COM TRAVA
603004018,RODIZIO RD40 PRETO CH PLANA COM TRAVA (MILLION)
603004019,RODIZIO RD40 PRETO CH PLANA SEM TRAVA (MILLION)
603004020,RODIZIO CHAPA RETA RIS50 GEL S/TRAVA
603004021,RODIZIO CHAPA RETA RIS50 GEL C/TRAVA
603004022,RODIZIO 40MM C/TRAVA CHAPA U 15MM PRETO
603004023,RODIZIO 40MM S/TRAVA CHAPA U 15MM PRETO
603005013,FITA DUPLA FACE 3M 50MMX19MM MICROSERRILHADA
603005015,TAPA FURO 19MM ROSA
603005016,TAPA FURO 19MM VERMELHO
603005018,TAPA FURO 19MM BRANCO
603005019,TAPA FURO 19MM PRETO
603005029,TAPA FURO 19MM TEKA MIRASSOL(IMBUIA DM)
603005032,TAPA FURO 19MM NATURE
603005033,TAPA FURO 19MM CUMARU
603005035,TAPA FURO 19MM VERDE BELLAGIO
603005042,TAPA FURO 19MM BRANCO FAMA ACETINADO
603005043,TAPA FURO 19MM PRETO FOSCO
603005044,TAPA FURO 19MM OFF WHITE
603005045,TAPA FURO 19MM CINAMOMO
603005046,TAPA FURO 19MM GRAFITE
603007001,TUBO REDONDO ANODIZADO 695 X 3/8MM ROYALLE
603007003,CHAPINHA P/ ESPELHO TOUCADOR
603007004,ESPASSADOR 3/4 X 600MM C/ HASTE 100MM GABRIELA
603007005,KIT SUPORTE TV PAINEL DALLAS
603007012,KIT CHAPA ZINCADO CJ LEGS
603007013,KIT CHAPA ZINCADO CRISTALEIRA VENEZA
603007014,CHAPINHA RETA 60 X 60 ZINC MESAS SKINNY/SELLER/LUN
603007017,PE ARAMADO 350MM COBRE FOSCO MESA CENTRO EVOLUTIO
603007018,PE ARAMADO 450MM COBRE FOSCO MESA LATERAL EVOLUTI
603007019,PE ARAMADO 600MM COBRE FOSCO MESA APOIO EVOLUTION
603007020,PE ARAMADO 100MM CHANFRADO COBRE FOSCO
603007022,CHAPA 80 X 80 COM 06 FUROS SUPORTE FIXACAO PES
603007024,MOSQUITEIRO PARA BERCO PLASTIFICADO BRANCO
603007025,SUPORTE GANCHO MEDIO OURO VELHO
603007029,BUCHA SFORBOL 1/4 COM PF 1/4 X 2.1/2 C/100
603007030,CANTONEIRA ANTI TOMBAMENTO (CHAPA 117)
603007034,PE ARAMADO 450MM BRONZE CLEAN(CHAMPANHE) MESA LATE
603007041,BUCHA P/ GESSO NYLON FLY2 10X35 (EXPORT)
603007042,DOBRADICA CURVA 35MM COM PISTAO (EXPORTACAO)
603007043,DOBRADICA SUPER CURVA 35MM C/PISTAO
603007044,DOBRADICA CURVA DE 26MM
603007045,CHAPINHAS FERRO BANQUETA PENTEADEIRA CAMARIM STRAS
603007047,SUPORTE PARA PE FERRO ANGULAR (CHAPINHA)
603007050,DOBRADICA 35MM EMB CLIP C/PISTAO + CALCO 2033
603007051,PE ARAMADO 300MM COBRE FOSCO MESA CABECEIRA BILL
603007053,JUNCAO
603007055,CANTONEIRA DE FERRO 02 FUROS (SAP LISB/ARMARIO)
603007056,SUPORTE MOSQUITEIRO
603007057,ARTICULADOR 0403244411 (ZINCO BRANCO)
603007059,CANTONEIRA 06 FUROS
603007060,SUPORTE PRATELEIRA INVISIVEL
603007061,PE FERRO 370 U MESA CENTRO DECOR 700 COBRE
603007062,PE FERRO 370 Q MESA CENTRO DECOR 700 COBRE
603007063,PE FERRO 370 U MESA CENTRO DECOR 700 PRETO
603007064,PE FERRO 370 Q MESA CENTRO DECOR 700 PRETO
603007065,PE FERRO 300 U MESA CENTRO DECOR 600 BRONZE
603007066,PE FERRO 300 U MESA CENTRO DECOR 600 PRETO
603007067,PE FERRO 300 Q MESA CENTRO DECOR 600 BRONZE
603007068,PE FERRO 300 Q MESA CENTRO DECOR 600 PRETO
603007069,PE FERRO 700 U MESA LATERAL DECOR 560 BRONZE
603007070,PE FERRO 700 U MESA LATERAL DECOR 560 PRETO
603007071,PE FERRO 700 Q MESA LATERAL DECOR 560 BRONZE
603007072,PE FERRO 700 Q MESA LATERAL DECOR 560 PRETO
603007073,PE FERRO 630 U MESA LATERAL DECOR 470 BRONZE
603007074,PE FERRO 630 U MESA LATERAL DECOR 470 PRETO
603007075,PE FERRO 630 Q MESA LATERAL DECOR 470 BRONZE
603007077,PE FERRO 630 Q MESA LATERAL DECOR 470 PRETO
603007078,TUBO CABIDEIRO OBLONGO 570MM
603007079,SUPORTE CADIDEIRO OBLONGO
603007080,CHAPINHA U P/ FECHO MAGNETICO
603007081,SUPORTE CABECEIRA VIENA
603007082,PE FERRO 495 Q PENTEADEIRA EVORA DOURADO
603007083,PE FERRO 460 U PENTEADEIRA EVORA DOURADO
603007084,FERRO SUPORTE P/ ESPELHO 650 X 5/8 PENT EVORA
603008001,MANUAL DE MONTAGEM
603008002,ETIQUETA ADESIVA 90 X 30 BRANCA
603008003,ETIQUETA ADESIVA 100 X 50 BRANCA
603008009,RIBBON TT 110MM X 450 G42 OUT
603008011,MANUAL DE MONTAGEM PAINEL DALLAS
603008012,"FITA POLIESTER IMP. TIPO CERA 110,00MM X 75M S2B"
603008033,ETIQUETA ADESIVA 100 X 50 AMARELA (EXPORTACAO)
603008034,MANUAL MONTAGEM EXPORTACAO
603008035,ETIQUETA 77 X 150 ETIQUETA ADVERTENCIA (EXPORTAC)
603008036,MANUAL MONTAGEM PENTEADEIRA CAMARIM STRASS
603010002,PERFIL H 880 CINZA/BRANCO
603010005,PERFIL H 530 PRETO/IMBUIA
603010006,PERFIL H 530 CINZA/BRANCO
603010009,PERFIL H 378 CINZA/BRANCO
603010012,PERFIL H 900 CINZA/BRANCO COMODA LIZ
603010013,PERFIL H 900 IMBUIA/PRETO COMODA LIZ
603010016,PERFIL H 694 CINZA/BRANCO SPACE
603010025,PERFIL H 600 PRETO/MARROM ARMARIO GTX/ENCANTO
603010026,PERFIL H 630 PRETO SAPATEIRA HAMPTON
603010027,PERFIL H 1360 PRETO ARMARIO PRISM
603010030,PERFIL H 630 BRANCO
603010031,PERFIL H 1360 BRANCO ARMARIO PRISM
603010035,PERFIL H 600 IMBUIA/PRETO
603010036,PERFIL H 600 OFF WHITE/BRANCO
603010038,PERFIL H 630 IMBUIA
603010039,PERFIL H 630 OFF WHITE
603010040,PERFIL H 1360 IMBUIA ARMARIO PRISM
603010041,PERFIL H 1360 OFF WHITE ARMARIO PRISM
603010042,PERFIL H 642 BRANCO/OFF WHITE
603010043,PERFIL H 642 IMBUIA/PRETO
603010044,PERFIL H 385 OFF/BRANCO R PRISM/MARSELHA
603010045,PERFIL H 385 PRETO/MARRON R PRISM/MARSELHA
603010046,PERFIL H 135 OFF/BRANCO R PRISM/MARSELHA 1.6
603010047,PERFIL H 135 PRETO/MARROM R PRISM/MARSELHA 1.6
603010048,PERFIL H 248 OFF/BRANCO R PRISM/MARSELHA 1.8
603010049,PERFIL H 248 PRETO/MARROM R PRISM/MARSELHA 1.8
603010050,PERFIL H 510 BCO/OFF WHITE BUFFET PRISM 2/4 PT
603010051,PERFIL H 510 PRETO/MARRON BUFFET PRISM 2/4 PT
603010052,PERFIL H 270 BCO/PTO JESSICA/BUFFET PARIS 3 PT
603010053,PERFIL H 565 BRANCO/OFF WHITE BUFFET PIX/CAJUEIRO
603010054,PERFIL H 568 BRANCO/OFF WHITE BUFFET 2 PT PARIS
603010059,PERFIL H 568 PRETO/MARRON BUFFET 2 PT PARIS
603010060,PERFIL H 565 PRETO/MARRON BUFFET PIX/CAJUEIRO
603010061,PERFIL H 694 MARRON/PRETO SPACE
603010062,PERFIL H 660 BRANCO/OFF WHITE BUFFET VENEZA
603010063,PERFIL H 660 PRETO/MARROM BUFFET VENEZA
603010064,PERFIL H 580 OFF WHITE/BRANCO COMODA SAP DUBAI
603010066,PERFIL H 360 OFF WHITE/BRANCO LIVREIRO TAURUS
603010067,PERFIL H 360 PRETO/MARROM LIVREIRO TAURUS
603010069,PERFIL H 320 OFF WHITE/CINZA RACK SIRIUS 0.9
603010070,PERFIL H 767 CINZA RACK SIRIUS 1.6
603010071,PERFIL H 767 BRANCO/OFF WHITE RACK SIRIUS 1.6
603010072,PERFIL ANTI EMPENAMENTO PLASTICO 1310MM OFF WHITE
603010073,PERFIL ANTI EMPENAMENTO PLASTICO 880MM OFF WHITE
603010074,PERFIL H 320 BRANCO/CINZA RACK SIRIUS 0.9
603010075,PERFIL H 655 BRANCO/OFF WHITE RACK SIRIUS 1.4
603010076,PERFIL H 655 CINZA RACK SIRIUS 1.4
603010077,PERFIL ANTI EMPENAMENTO PLASTICO 1310MM MARRON
603010078,PERFIL ANTI EMPENAMENTO PLASTICO 880MM MARRON
603010079,PERFIL H 845MM BRANCO ROUPEIRO GOLDEN
603010080,PERFIL H 840MM BRANCO COMODA GOLDEN
603010081,PERFIL H 1560 BRANCO MULTIUSO RYAN
603010082,PERFIL H 1610 BRANCO MULTIUSO CAUE
603010083,PERFIL H 270 IMBUIA/PTO JESSICA
603010084,PERFIL DIFUSOR P/ LED LUMINA 835MM LEITOSO
603010085,PERFIL H 415 PRETO/MARRON
603010086,PERFIL H 415 BRANCO/OFF WHITE
603010087,PERFIL DIFUSOR P/ LED LUMINA 1560MM LEITOSO
603010088,PERFIL DIFUSOR P/ LED LUMINA 1320MM LEITOSO
603010089,PERFIL H 767 PRETO/MARRON RACK SIRIUS 1.6
603010090,PERFIL H 345MM OFF WHITE/BRANCO RACK INTENSE
603010091,PERFIL H 345MM PRETO/MARROM RACK INTENSE
603010092,PERFIL H 345MM BRANCO/CINZA RACK INTENSE
603010096,PERFIL H 694 OFF WHITE/BRANCO SPACE
603011001,CONJ PERFIL DIV GAV 378 X 348 MM
603011003,SUPORTE DIVISOR GAVETA 6X78 MM CINZA BUZIOS
603011004,CONJ PERFIL DIV GAV 390 X 348 MM COMODA JUMA NEW
603011005,CONJ PERFIL DIV GAV 55MM 2X360MM +2X436 MEL/ELOA
603011006,SUPORTE TRIANGULAR FIXAR PES
603011007,CHAPINHA PLASTICA SUPORTE
603011008,CONJ DIV GAVETA BRANCO(1X705MM+3X290MM X 75)
603011009,CONJ DIV GAVETA PRETO(1X705MM+3X290MM X 75)
603012013,PUXADOR PZ26 ALCA OURO VELHO MORCEGO
603012024,PUXADOR PZ59 ARGOLA OURO VELHO
603012025,PUXADOR VERONA 128MM CROMADO
603012026,PUXADOR CATAR BRANCO FOSCO
603012033,PUXADOR REF 00161 CROMADO
603012036,PUXADORES DIVERSOS
603012037,PUXADOR MOLDURA 300 X 025 X 12MM BRANCO
603012039,PUXADOR SELF STELL (PRATA)
603012041,PUXADOR MOLDURA 300 X 025 X 12MM NATURE
603012042,PUXADOR 29.5 OURO VELHO
603012043,PUXADOR ARO
603012044,PUXADOR SELF COBRE (BRONZE)
603012045,PUXADOR MOLDURA 300 X 025 X 12MM CINAMOMO
603012046,PUXADOR MOLDURA BRANCO 150MM FURACAO 96MM
603012047,PUXADOR MADEIRA 100X20X20 BUFFET CLASSIC
603012048,PUXADOR COURO 130 X 20
603012050,PUXADOR BARY FUR 192MM BRONZE FOSCO RYAN/CAUE
603012051,PUXADOR PONTO REDONDO INOX CROMADO 23MM
603012052,PUXADOR MOLDURA MDF CINAMOMO 410X32X15MM
603012055,PUXADOR SELF STEEL DOURADO
603013172,SAPATA PLASTICA INCOLOR
603014030,PE MADEIRA 350X45X20 CENTRO LEGS CASTANHO
603014031,PE MADEIRA 600X45X20 APOIO LEGS I CASTANHO
603014032,PE MADEIRA 450X45X20 LATERAL LEGS CASTANHO
603014035,PE MADEIRA 250MM CHANFRADO
603014036,PE MADEIRA 350X45X20 CHANFRADO CENTRO SKINNY
603014037,PE MADEIRA 450X45X20 CHANFRADO LATERAL SKINNY
603014038,PE MADEIRA 600X45X20 CHANFRADO APOIO SKINNY
603014045,PE MADEIRA 300MM CHANFRADO
603014046,PE MADEIRA 200MM CHANFRADO
603014077,PE MADEIRA 400MM RETO C/PAR BANQUETA PENT STRASS
603014078,"PE MADEIRA 6,5 CHANFRADO 450MM PENT CAMARIM STRASS"
603014079,PE MADEIRA 550X45X20 CHANFRADO LATERAL LUNA 440
603014080,PE MADEIRA 175 X 50 X 50 PENTEADEIRA ELOA/MEL
603014082,PE MADEIRA 150MM BRONZE CHANFRADO 2 LADOS
603014089,KIT 2 PES 1 TRAVESSA MADEIRA RACK PRISM 1.6
603014090,KIT 2 PES 1 TRAVESSA MADEIRA RACK PRISM 1.4
603014091,KIT 2 PES 1 TRAVESSA MADEIRA BALCAO PRISM
603014092,KIT PES MADEIRA ARMARIO PRISM
603014093,KIT PE MADEIRA ESCRIVANINHA PRISM
603014095,KIT 2 PES 1 TRAVESSA MADEIRA RACK PRISM 1.8
603014097,PE LATERAL 01 215X60X25 RACK MARSEL 1.36/1.6/1.8
603014098,TRAVESSA MADEIRA 1120X55X20 MARSELHA 1.36
603014100,TRAVESSA MADEIRA 295X55X22
603014101,TRAVESSA MADEIRA 1360X55X20 MARSELHA 1.60
603014103,PE CENTRAL 215X55X20 RACK MARSELHA 1.60/1.80
603014104,TRAVESSA MADEIRA 1555X55X20 MARSELHA 1.80
603014106,PE LATERAL 02 215X60X25 RACK MARSEL 1.36/1.6/1.8
603014107,PE MADEIRA 360MM 3 MESA CENTRO PRISM/LAILA
603014108,PE MADEIRA 360MM 2 MESA CENTRO PRISM/LAILA
603014109,TRAVESSA MADEIRA 580X55X20 CENTRO PRISM/LAILA
603014110,TRAVESSA MADEIRA 396X55X20 MESA CENTRO PRISM/LAILA
603014111,PE MADEIRA 250X50X25
603014112,TRAVESSA MADEIRA 1360X55X20 BUFFET 4 PT PRISM
603014113,TRAVESSA MADEIRA FRONTAL 720X55X22
603014115,TRAVESSA MADEIRA 590X55X20 BUFFET 2 PT PRISM
603014116,PE MADEIRA 510 X 70 X 25 MESA LATERAL PRISM
603014117,TRAVESSA MADEIRA 310X55X20 MESA LATERAL PRISM
603014118,TRAVESSA MADEIRA 190X55X20 MESA LATERAL PRISM
603014119,PE MADEIRA 590X45 RETO MESAS CANTO/LATERAL SLIM
603014120,PE MADEIRA 490X45 RETO MESAS CANTO/LATERAL SLIM
603014122,PE MADEIRA 215X60X25 DIR CHARLOTE
603014123,TRAVESSA MADEIRA 790X55X20 SAPATEIRA CHARLOTTE
603014124,TRAVESSA MADEIRA TRASEIRA 720X55X22
603014125,PE MADEIRA 215X60X25 ESQ CHARLOTE
603014126,PE MADEIRA 200X35X35 BUFFET CLASSIC
603014127,TRAVESSA MADEIRA 450X55X20 CANTINHO SIENA
603014128,TRAVESSA MADEIRA LATERAL 410X80X25
603014129,PE MADEIRA 215X60X25 CANTINHO CAFE SIENA
603014130,PE MADEIRA 750X490X35 ESCRIVANINHA TAURUS
603014131,PE MADEIRA APARADOR RUBI QUALITY
603014132,PE MADEIRA 60X58X40 LIVREIRO TAURUS
603014133,PE MADEIRA 500X65X35 PENTEADEIRA LAURA
603014134,PE MADEIRA 650X65X35 PENTEADEIRA LAURA
603014135,TRAVESSA MADEIRA 270X55X20 PENTEADEIRA LAURA
603014136,TRAVESSA MADEIRA 625X55X20 RACK SIRIUS 0.9
603014137,TRAVESSA MADEIRA 1090X55X20 RACK SIRIUS 1.4
603014138,TRAVESSA MADEIRA 1330X55X20 RACK SIRIUS 1.6
603014139,PE MADEIRA CENTRAL 250X55X20 RACK SIRIUS 1.6
603014140,TRAVESSA MADEIRA 960X55X20 BUFFET 3 PT PRISM
603014141,PE MADEIRA 250X75X35
603014142,TRAVESSA MADEIRA 744X55X22
603014143,TRAVESSA MADEIRA 264X55X22
603014144,TRAVESSA MADEIRA 295X55X20 CHANFRADO
603014145,PE MADEIRA CENTRAL 180X75X35
603014146,TRAVESSA MADEIRA 1605X55X22
603014147,PE MADEIRA 180X75X35
603014148,TRAVESSA MADEIRA 1405X55X22
603014149,TRAVESSA MADEIRA 2005X55X22
603014150,TRAVESSA MADEIRA 520X55X20
603014151,PE MADEIRA 300 RETO
603014152,PE MADEIRA DIR/ESQ 740X600X35
603014153,TRAVESSA MADEIRA 1405X55X22
603014154,TRAVESSA MADEIRA 710X55X22
603014155,TRAVESSA MADEIRA 1075X55X22
603014156,PE MADEIRA 250X50X25 CRISTALEIRA ORION
603014157,TRAVESSA MADEIRA 1270X55X20 OASIS 1.6
603014158,TRAVESSA MADEIRA 295X55X20 OASIS 1.6/1.8
603014159,PE MADEIRA 140XD50 REDONDO 1.6/1.8
603014160,PE MADEIRA CENTRAL 140XD50 REDONDO 1.6/1.8
603014161,TRAVESSA MADEIRA 1500X55X20 1.8
603014162,TRAVESSA MADEIRA 330X55X22
603014163,TRAVESSA MADEIRA 230X55X22
603015001,PE PLASTICO CENTRO PRISCILA/LATERAL PRISCILA
603015002,PE PLASTICO 40X50 PRATA TOUCADOR MAGIC
603015003,PE PLASTICO BRANCO
603015021,PE PLASTICO NATURE
603015026,PE PLASTICO 160MM MESA CABECEIRA SLEEP
603015027,LATERAL GAVETA 300X90 MESA CABECEIRA SLEEP BRANCO
603015028,PE PLASTICO 40X50 PRETO MESA CABECEIRA PRIME
603015029,PE PLASTICO 100X50 MULTIUSO RYAN BRANCO
603015030,PE PLASTICO 100X50 MULTIUSO RYAN MARROM
603015031,PE PLASTICO 100X50 MULTIUSO RYAN PRETO
603015032,CONJUNTO LATERAL GAVETA CORREDICA PLASTICA BRANCO
603015033,PE PLASTICO 170 MARROM
603016001,CONJ FITA LED 3528 BRANCO PENT YASMIM
603016002,LED COM 7 LAMPADAS PENTEADEIRA ELOA
603016003,LED COM 6 LAMPADAS PENTEADEIRA MEL
603016004,LED CRISTALEIRA FLIP
603016005,LED HOME ANGEL 1.8
603016006,LED HOME ANGEL 1.6
603017001,CANTO CURVA BRASMACOL 1350MM RAIO 60
603017002,CANTO CURVA BRASMACOL 600MM RAIO 60
603017004,CANTO CURVA BRASMACOL 380MM RAIO 60
603017006,PORTA 45 C/ MIOLO490X410X18 EM TELA J SERRA COR 01
603017007,CANTO CURVA BRASMACOL 400MM RAIO 100
606003008,F GAV 590 X 398 BRANCO COMODAS
606003013,F GAV 374 X 300 BRANCO BOMBE PREMIER
606003017,F GAV 374 X 300 OFF WHITE BOMBE PREMIER
606003034,F GAV 300 X 270 BRANCO PENT DUDA/CAMARIM STRASS
606003039,F GAV 300 X 270 ROSA PENTEADEIRA DUDA/CAMARIM
606003040,F GAV 374 X 310 BRANCO LIVREIRO BOOK(PINTAR 2 LADO
606003043,F GAV 374 X 310 VERMELHO LIVREIRO BOOK
606003046,F GAV 870 X 406 BRANCO COMODA LIZ
606003052,F GAV 578 X 306 BRANCO SPACE
606003053,F GAV 305 X 222 BRANCO PENTEADEIRA PRINCESA
606003054,F GAV 305 X 222 ROSA PENTEADEIRA PRINCESA
606003081,F GAV 410 X 348 BRANCO BERCOS ARCO IRIS/SONO SUAVE
606003084,F GAV 412 X 305 X 3 BRANCO TOUCADOR MAGIC NEW
606003091,F GAV 320 X 305 BRANCO MESA COMPUTADOR MILLION
606003102,F GAV MAIOR 444 X 300 BRANCO PENT CAMARIM STRASS
606003103,F GAV MAIOR 444 X 300 ROSA PENTEADEIRA CAMARIM
606003106,F GAV MENOR 372 X 353 BRANCO PENTEADEIRA ELOA
606003107,F GAV MENOR 372 X 353 OFF WHITE PENTEADEIRA ELOA
606003109,F GAV MAIOR 450 X 372 BRANCO PENTEADEIRA ELOA/MEL
606003110,F GAV MAIOR 450 X 372 OFF WHITE PENTEAD ELOA/MEL
606003113,F GAV 398 X 346 OFF WHITE ESCRIVANINHA PRISM
606003114,F GAV 398 X 346 PRETO ACETINADO ESCRIVANINHA PRISM
606003115,F GAV 374 X 300 PRETO ACETINADO BOMBE PREMIER
606003116,F GAV 870 X 406 PRETO ACETINADO COMODA LIZ
606003117,F GAV 482 X 300 PRETO ACETINADO APARADOR SELLER
606003118,F GAV 403 X 300 OFF WHITE ESCRIVANINHA PRISM
606003119,F GAV 403 X 300 PRETO ACETINADO ESCRIVANINHA PRISM
606003121,F GAV 403 X 300 BRANCO ESCRIVANINHA PRISM
606003124,F GAV 282 X 305 BRANCO MESA CABECEIRA SLIM
606003125,F GAV 342 X 305 BRANCO MESA CABECEIRA BILL
606003126,F GAV 342 X 305 OFF WHITE MESA CABECEIRA BILL
606003127,F GAV 342 X 305 PRETO ACETINADO MESA CABECEIRA BIL
606003128,F GAV 342 X 300 BRANCO ACETINADO PENTEAD DIAMANTE
606003129,F GAV 342 X 300 PRETO ACETINADO PENTEAD DIAMANTE
606003130,F GAV 716 X 300 BRANCO ACETINADO PENTEAD DIAMANTE
606003131,F GAV 716 X 300 PRETO ACETINADO PENTEAD DIAMANTE
606003132,F GAV 420 X 305 PRETO ACETINADO SAPAT C/ASS HALL
606003133,F GAV 420 X 305 OFF WHITE SAPATEIRA C/ASSEN HALL
606003134,F GAV 420 X 305 CUMARU SAPATEIRA C/ASSENT HALL
606003135,F GAV 553 X 365 BRANCO COMODA SAPATEIRA DUBAI
606003136,F GAV 595 X 420 S/ PINTURA COMODA SAPATEIRA DUBAI
606003137,F GAV MENOR 365 X 344 BRANCO BERCO 5 GAV GOLDEN
606003138,F GAV MAIOR 614 X 365 X 3 BRANCO BERCO 05GAV GOLDE
606003139,F GAV 305 X 262 CINAMOMO CANTINHO DO CAFE SIENA
606003140,F GAV 305 X 262 BRANCO ACETIN CANTINHO CAFE SIENA
606003141,F GAV 305 X 262 PRETO ACETINAD CANTINHO CAFE SIENA
606003142,F GAV 305 X 262 OFF WHITE CANTINHO DO CAFE SIENA
606003143,F GAV 790 X 310 BRANCO ACETINADO ESCRI TAURUS
606003144,F GAV 790 X 310 OFF WHITE ESCRIVANINHA TAURUS
606003145,F GAV 790 X 310 PRETO ACETINADO ESCRI TAURUS
606003146,F GAV 790 X 310 CINAMOMO ESCRIVANINHA TAURUS
606003147,F GAV 790 X 310 GRAFITE ESCRIVANNHA TAURUS
606003148,F GAV 305 X 262 GRAFITE CANTINHO DO CAFE SIENA
606003149,F GAV 300 X 270 ALECRIM PENT CAMARIM STRASS
606003150,F GAV MAIOR 444 X 300 ALECRIM PENT CAMARIM STRASS
606003151,F GAV 305 X 287 BRANCO ESCRIVANINHA BELLA
606003152,F GAV 305 X 287 PRETO ACETINADO ESCRIVANINHA BELLA
606003153,F GAV 305 X 287 NATURE ESCRIVANINHA BELLA
606003154,F GAV 590 X 250 OFF WHITE HOME RIPADO SUPREMO 2.3
606003155,F GAV 590 X 250 CINAMOMO HOME RIPADO SUPREMO 2.3
606003156,F GAV 458 X 250 1LD OFF WHITE HOME ANTARES 1.8
606003157,F GAV 458 X 250 1LD CINAMOMO HOME ANTARES 1.8
606003158,F GAV 462 X 305 BRANCO PENTEADEIRA LAURA
606003159,F TRAS 165 X 150 1LD BRANCO PENTEADEIRA LAURA
606003160,F GAV 553 X 365 BRANCO ROUPEIRO GOLDEN
606003161,F GAV 553 X 365 1LD BRANCO COMODA GOLDEN
606003162,F GAV 355 X 300 1LD BRANCO MESA CABECEIRA PRIME
606003163,F GAV 716 X 300 OFF WHITE PENTEAD DIAMANTE
606003164,F GAV 342 X 300 OFF WHITE PENTEAD DIAMANTE
606003165,F GAV 333X305 BRANCO MESA CABECERIA MAVIE
606003167,F GAV 325X250 1 LD OFF WHITE HOME ANTARES 1.4
606003168,F GAV 325X250 1 LD CINAMOMO HOME ANTARES 1.4
606003169,F GAV 836X360 1 LD CINAMOMO HOME ANGEL 1.8
606003170,F GAV 836X360 1 LD OFF WHITE HOME ANGEL 1.8
606003171,F GAV 736X360 1 LD CINAMOMO HOME ANGEL 1.6
606003172,F GAV 736X360 1 LD OFF WHITE HOME ANGEL 1.6
606003173,F GAV 398X304 1 LD BRANCO MESA CABECEIRA MADERO
606003176,F GAV 300X230 1 LD OFF WHITE ESCRIVANINHA MALTA
606003182,F GAV 333X300 1 LD CINAMOMO PENTEADEIRA EVORA
606004031,F TRAS 900X365 BRANCO COMODA ARIANA
606004050,F TRAS 945X332 BRANCO COMODA LIZ
606004086,F TRAS 720X275 BRANCO SPACE
606004096,F TRAS 1750X435 BRANCO LIVREIRO BOOK(PINTAR 2 LAD)
606004098,F TRAS 1750X435 VERMELHO LIVREIRO BOOK(PINTAR 2LA)
606004101,F TRAS 885 X 410 BRANCO SAPATEIRA SPAZIO
606004102,F TRAS 885 X 204 BRANCO SAPATEIRA SPAZIO
606004132,F TRAS 460 X 285 SEM/PINTU TOUCADOR MAGIC NEW
606004134,F TRAS 625 X 320 BRANCO LIVREIRO ENCANTO
606004138,F TRAS 1725 X 458 BRANCO SAPATEIRA LISBOA
606004151,F TRAS 705 X 370 BRANCO MESA COMPUTADOR MILLION
606004169,F TRAS 1725 X 458 X03MM NATURE SAPATEIRA LISBOA
606004171,F TRAS 705 X 370 NATURE MESA COMPUTADOR MILLION
606004173,F TRAS 625 X 320 X 03MM NATURE LIVREIRO ENCANTO
606004174,F TRAS 900 X 365 NATURE COMODA ARIANA C/ ESPELHO
606003175,F GAV 435X360 1 LD OFF WHITE RACK MOVE 1.6/1.8
606004177,F TRAS 885 X 412 BRANCO C/FURO CANTINHO DO CAFE AC
606004179,F TRAS 885 X 412 PRETO C/FURO ACETINADO CANTINHO D
606004180,F TRAS 885 X 412 NATURE C/FURO CANTINHO DO CAFE AC
606004181,F TRAS 425 X 395 X 3 C/FURO NATURE RACK ESTRELA
606004182,F TRAS 425 X 395 X 3 C/FURO PRETO ACETINADO RACK E
606004183,F TRAS 1355 X 375 C/FURO NATURE RACK TOPAZIO
606004184,F TRAS 1355 X 375 C/FURO PRETO ACETINADO RACK TOPA
606004186,F TRAS 742 X 260 OFF WHITE CRISTALEIRA SELLER
606004187,F TRAS 885 X 375 C/FURO NATURE RACK YAN
606004188,F TRAS 885 X 375 C/FURO PRETO ACETINADO RACK YAN
606004190,F TRAS 425 X 395 X 3 C/FURO OFF WHITE RACK ESTRELA
606004191,F TRAS 412 X 295 BRANCO NICHO MILLION
606004208,F TRAS 375 X 328 SEM PINTURA PENT CAMARIM STRASS
606004212,F TRAS 600 X 420 S/ PINT PENTEADEIRA ELOA/MEL
606004213,F TRAS 508 X 400 BRANCO PENTEADEIRA ELOA/MEL
606004214,F TRAS 508 X 400 OFF WHITE PENTEADEIRA ELOA/MEL
606004215,F TRAS 885 X 375 C/FURO CUMARU RACK YAN
606004216,F TRAS 425 X 395 X 3 C/FURO CUMARU RACK ESTRELA
606004217,F TRAS 1355 X 375 C/FURO CUMARU RACK TOPAZIO
606004218,F TRAS 625 X 320 VERDE BELLAGIO LIVREIRO ENCANTO
606004223,F TRAS 1355 X 375 C/FURO BRANCO FOSCO RACK BRITO
606004225,F TRAS 1355 X 375 C/FUROMARSALA(TERRA)FOSCO RACK
606004226,F TRAS 1385 X 325 PRETO ACETINADO ARMARIO PRISM
606004227,F TRAS 1385 X 325 OFF WHITE ARMARIO PRISM
606004228,F TRAS 705 X 360 OFF WHITE BALCAO PRISM
606004229,F TRAS 705 X 360 PRETO ACETINADO BALCAO PRISM
606004230,F TRAS 705 X 255 OFF WHITE BALCAO PRISM
606004231,F TRAS 705 X 255 PRETO ACETINADO BALCAO PRISM
606004232,F TRAS 695X465 OFF WHITE 2LD ESCRIVANINHA PRISM
606004233,F TRAS 695X465 PRETO ACETINADO 2LD ESCRIVANINHA PR
606004234,F TRAS 625 X 320 ROSA LIVREIRO ENCANTO
606004235,F TRAS 885 X 204 PRETO ACETINADO SAPATEIRA SPAZIO
606004236,F TRAS 885 X 410 PRETO ACETINADO SAPATEIRA SPAZIO
606004237,F TRAS 945 X 332 PRETO ACETINADO COMODA LIZ
606004238,F TRAS 742 X 260 PRETO ACETINADO CRISTALEIRA SELLE
606004247,F TRAS 705 X 360 BRANCO BALCAO PRISM
606004248,F TRAS 705 X 255 BRANCO BALCAO PRISM
606004249,F TRAS 1385 X 325 BRANCO ARMARIO PRISM
606004250,F TRAS 695X465 BRANCO 2LD ESCRIVANINHA PRISM
606004251,F TRAS 720 X 275 PRETO ACETINADO SPACE
606004252,F TRAS 705 X 370 PRETO ACETINADO MESA COMPUT MILLO
606004254,F TRAS 425 X 395 C/FURO BRANCO AC RACK ESTRELA
606004255,F TRAS 1355X375 C/FURO BRANCO AC RACK TOPAZIO
606004256,F TRAS 885 X 375 C/FURO BRANCO ACETINADO RACK YAN
606004257,F TRAS 625 X 320 PTO AC ENCANTO ARMARIO GAMER GTX
606004258,F TRAS 1335X200 C/FURO BCO AC RACK PRIM 1.4
606004259,F TRAS 1335X200 C/FURO OFF WHITE RACK PRISM 1.4
606004260,F TRAS 1335X200 C/FURO PTO AC RACK PRISM 1.4
606004261,F TRAS 1575X200 C/FURO BCO AC RACK PRIM 1.6
606004262,F TRAS 1575X200 C/FURO OFF WHITE RACK PRISM 1.6
606004263,F TRAS 1575X200 C/FURO PTO AC RACK PRISM 1.6
606004264,F TRAS 1775X200 C/FURO BRANCO ACETIN RACK PRI/MAR
606004265,F TRAS 1775X200 C/FURO OFF WHITE RACK PRISM 1.8
606004266,F TRAS 1775X200 C/FURO PTO AC RACK PRISM 1.8
606004269,F TRAS 540X390 BCO AC BUFFET 2/4 PORTA
606004270,F TRAS 540X390 PTO AC BUFFET 2/4 PORTA
606004271,F TRAS 540X390 OFF WHITE BUFFET 2/4 PORTA
606004275,F TRAS 880 X 155 CUMARU BUFFET 3 P PARIS/PRIME
606004278,F TRAS 880 X 230 PRETO ACET BUFF 03 PTA PARIS/PRIM
606004279,F TRAS 880 X 230 OFF WHITE BUFF 03 PTA PARIS/PRIME
606004280,F TRAS 880 X 230 BRANCO BUFFET 3 PTA PARIS/PRIME
606004281,F TRAS 355 X 330 SEM PINT
606004284,F TRAS 390 X 140 S/ PINTURA MESA CABECEIRA BILL
606004305,F TRAS 645 X 405 BRANCO ACETINADO PENTEA DIAMANTE
606004306,F TRAS 645 X 405 PRETO ACETINADO PENTEA DIAMANTE
606004307,F TRAS 470 X 340 2 LAD PRETO ACETINADO SAPAT C/ASS
606004308,F TRAS 470 X 340 2 LAD OFF WHITE SAPAT C/ASSEN HAL
606004309,F TRAS 470 X 340 2 LAD CUMARU SAPATEIRA C/ASS HALL
606004310,F TRAS 885 X 410 CINAMOMO SAPATEIRA SPAZIO
606004311,F TRAS 885 X 204 CINAMOMO SAPATEIRA SPAZIO
606004312,F TRAS 742 X 260 CINAMOMO CRISTALEIRA SELLER
606004314,F TRAS 885 X 412 CINAMOMO C/FURO CANTINHO DO CAFE
606004315,F TRAS 1355 X 375 C/FURO CINAMOMO RACK TOPAZIO
606004316,F TRAS 425 X 395 X 3 C/FURO CINAMOMO RACK ESTRELA
606004317,F TRAS 885 X 375 C/FURO CINAMOMO RACK YAN
606004318,F TRAS 705 X 370 CINAMOMO MESA COMPUTADOR MILLION
606004320,F TRAS 625 X 320 CINAMOMO LIVREIRO ENCANTO
606004321,F TRAS 720 X 275 CINAMOMO SPACE
606004322,F TRAS 1725 X 458 X03MM CINAMOMO SAPATEIRA LISBOA
606004323,F TRAS 680 X 225 PRETO ACETINADO BUFFET VENEZA
606004324,F TRAS 680 X 225 BRANCO BUFFET VENEZA
606004325,F TRAS 680 X 225 OFF WHITE BUFFET VENEZA
606004326,F TRAS 900 X 365 CINAMOMO COMODA ARIANA C/ESPELHO
606004327,F TRAS 1720 X 465 BRANCO COMODA SAPATEIRA DUBAI
606004328,F TRAS 1160 X 233 BRANCO BUFFET CAJUEIRO
606004329,F TRAS 1160 X 233 PRETO ACETINADO BUFFET CAJUEIRO
606004330,F TRAS 1160 X 233 OFF WHITE BUFFET CAJUEIRO
606004331,F TRAS 1160 X 150 CUMARU BUFFET CAJUEIRO
606004334,F TRAS 620X300 BRANCO ACETINADO THOR
606004335,F TRAS 620X300 PRETO ACETINADO THOR
606004336,F TRAS 550 X 305 BRANCO ACETINADO BUFFET CLASSIC
606004337,F TRAS 550 X 305 CINAMOMO BUFFET CLASSIC
606004338,F TRAS 550 X 305 OFF WHITE BUFFET CLASSIC
606004339,F TRAS 550 X 305 PRETO ACETINADO BUFFET CLASSIC
606004340,F TRAS 615 X 275 BRANCO ACETINADO BUFFET CLASSIC
606004341,F TRAS 615 X 275 CINAMOMO BUFFET CLASSIC
606004342,F TRAS 615 X 275 OFF WHITE BUFFET CLASSIC
606004343,F TRAS 615 X 275 PRETO ACETINADO BUFFET CLASSIC
606004344,F TRAS 390 X 135 BRANCO APARADOR RUBI
606004345,F TRAS 390 X 135 PRETO ACETINADO APARADOR RUBI
606004346,F TRAS 390 X 135 CUMARU APARADOR RUBI
606004347,F TRAS MENOR 880X155X3 BRANCO ARMARIO JESSICA
606004348,F TRAS MENOR 880X155X3 CINAMOMO ARMARIO JESSICA
606004349,F TRAS MENOR 880X155X3 PRETO ACETI ARMARIO JESSICA
606004350,F TRAS MAIOR 880X230X3 CINAMOMO ARMARIO JESSICA
606004351,F TRAS 1285X307 CINAMOMO CANTINHO DO CAFE SIENA
606004352,F TRAS 1285X307 BRANCO ACETINA CANTINHO CAFE SIE
606004353,F TRAS 1285X307 PRETO ACETI CANTINHO CAFE SIENA
606004354,F TRAS 1285X307 OFF WHITE CANTINHO DO CAFE SIENA
606004355,F TRAS 675X353 CINAMOMO CANTINHO DO CAFE SIENA
606004356,F TRAS 675X353 BRANCO ACETIN CANTINHO CAFE SIENA
606004357,F TRAS 675X353 PRETO ACETIN CANTINHO CAFE SIENA
606004358,F TRAS 675X353 OFF WHITECANTINHO DO CAFE SIENA
606004359,F TRAS 353X205 CINAMOMO CANTINHO DO CAFE SIENA
606004360,F TRAS 353X205 BRANCO ACETINA CANTINHO CAFE SIEN
606004361,F TRAS 353X205 PRETO ACETINA CANTINHO CAFE SIENA
606004362,F TRAS 353X205 OFF WHITE CANTINHO DO CAFE SIENA
606004363,F TRAS 425X395 C/FURO GRAFITE BAH RACK ESTRELA
606004364,F TRAS 1355X375 C/FURO GRAFITE BAHIA RACK TOPAZI
606004365,F TRAS 885X375 C/FURO GRAFITE BAHIA RACK YAN
606004366,F TRAS 1725X458 OFF WHITE SAPATEIRA LISBOA
606004367,F TRAS 690X217 BRANCO ACETINADO LIVREIRO TAURUS
606004368,F TRAS 690X217 OFF WHITE LIVREIRO TAURUS
606004369,F TRAS 690X217 PRETO ACETINADO LIVREIRO TAURUS
606004370,F TRAS 690X217 CINAMOMO LIVREIRO TAURUS
606004371,F TRAS 380X325 BRANCO ACETINADO LIVREIRO TAURUS
606004372,F TRAS 380X325 OFF WHITE LIVREIRO TAURUS
606004373,F TRAS 380X325 PRETO ACETINADO LIVREIRO TAURUS
606004374,F TRAS 380X325 CINAMOMO LIVREIRO TAURUS
606004375,F TRAS 440X345 BRANCO ACETINADO LIVREIRO TAURUS
606004376,F TRAS 440X345 OFF WHITE LIVREIRO TAURUS
606004377,F TRAS 440X345 PRETO ACETINADO LIVREIRO TAURUS
606004378,F TRAS 440X345 CINAMOMO LIVREIRO TAURUS
606004379,F TRAS 690X217 GRAFITE LIVREIRO TAURUS
606004380,F TRAS 380X325 GRAFITE LIVREIRO TAURUS
606004381,F TRAS 440X345 GRAFITE LIVREIRO TAURUS
606004382,F TRAS 1285X307 GRAFITE CANTINHO DO CAFE SIENA
606004383,F TRAS 675X353 GRAFITE CANTINHO DO CAFE SIENA
606004384,F TRAS 353X205 GRAFITE CANTINHO DO CAFE SIENA
606004385,F TRAS 885X412 GRAFITE C/FURO CANTINHO DO CAFE A
606004386,F TRAS 630X335 BRANCO 2L ESCRIVANINHA BELLA
606004387,F TRAS 630X335 PRETO ACETINADO 2L ESCRIVANINHA
606004388,F TRAS 630X335 NATURE 2L ESCRIVANINHA BELLA
606004396,F TRAS 1330X380 1LD BRANCO AC RACK NATURE
606004397,F TRAS 1330X380 1LD OFF WHITE RACK NATURE
606004398,F TRAS 1330X380 1LD PRETO AC RACK NATURE
606004400,FUNDO NICHO 1090X215 1LD CINAMOMO RACK SHOW
606004401,FUNDO INF 770X170 1LD BCO AC RACK SHOW
606004402,FUNDO INF 770X170 1LD OFF WHITE RACK SHOW
606004403,FUNDO INF 770X170 1LD PRETO AC RACK SHOW
606004404,FUNDO MENOR 875X145 1LD ALECRIM RACK SIRIUS 0.9
606004405,FUNDO MENOR 875X145 1LD OFF WHITE RACK SIRIUS 0.9
606004406,FUNDO MENOR 875X145 1LD BCO AC RACK SIRIUS 0.9
606004407,FUNDO MAIOR 875X263 1LD ALECRIM RACK SIRIUS 0.9
606004408,FUNDO MAIOR 875X263 1LD OFF WHITE RACK SIRIUS 0.9
606004409,FUNDO MAIOR 875X263 1LD BCO AC RACK SIRIUS 0.9
606004410,FUNDO MENOR 1335X145 1LD ALECRIM RACK SIRIUS 1.4
606004411,FUNDO MENOR 1335X145 1LD OFF W RACK SIRIUS 1.4
606004412,FUNDO MENOR 1335X145 1LD BCO AC RACK SIRIUS 1.4
606004413,FUNDO MAIOR 1335X263 1LD ALECRIM RACK SIRIUS 1.4
606004414,FUNDO MAIOR 1335X263 1LD OFF WHITE RACK SIRIU 1.36
606004415,FUNDO MAIOR 1335X263 1LD BCO AC RACK SIRIUS 1.4
606004416,FUNDO MENOR 1575X145 1LD ALECRIM RACK SIRIUS 1.6
606004417,FUNDO MAIOR 1575X263 1LD ALECRIM RACK SIRIUS 1.6
606004418,FUNDO MENOR 1575X145 1LD OFF WHITE RACK SIRIUS 1.6
606004419,FUNDO MAIOR 1575X263 1LD OFF WHITE RACK SIRIUS 1.6
606004420,FUNDO MENOR 1575X145 1LD BCO AC RACK SIRIUS 1.6
606004421,FUNDO MAIOR 1575X263 1LD BCO AC RACK SIRIUS 1.6
606004422,FUNDO INFERIOR 600X430 S/PINT ROUPEIRO GOLDEN
606004423,FUNDO MENOR 600X245 1LD BRANCO ROUPEIRO GOLDEN
606004424,FUNDO MAIOR 860X297 1LD BRANCO ROUPEIRO GOLDEN
606004426,F TRAS 870X297 S/PINTURA COMODA GOLDEN
606004430,FITA HDF 1910X50 CRU MESA CENTRO DECOR 600
606004431,FITA HDF 2210X50 CRU MESA CENTRO DECOR 700
606004432,FITA HDF 1780X50 CRU MESA LATERAL DECOR 560
606004433,FITA HDF 1500X50 CRU MESA LATERAL DECOR 470
606004434,F TRAS 370X240 1 LD BRANCO MESA CABECEIRA SLEEP
606004435,FUNDO GAV 320X303 BRANCO MESA CABECEIRA SLEEP
606004436,F TRAS 370X240 1 LD PTO AC MESA CABECEIRA SLEEP
606004437,F TRAS 370X240 1 LD GRAFITE MESA CABECEIRA SLEEP
606004438,F TRAS 415X195X3 S/ PINTURA MESA CABECEIRA PRIME
606004439,F TRAS 1575X310X3 1 LD BRANCO MULTIUSO RYAN
606004440,F TRAS 1630X262X3 1 LD BRANCO MULTIUSO CAUE
606004441,F TRAS 1790X285X3 1 LD OFF WHITE BUFFET FLIP 1.8
606004442,F TRAS 1590X285X3 1 LD OFF WHITE BUFFET FLIP 1.6
606004443,F TRAS 2190X355X3 1 LD OFF WHITE RACK FLIP 2.2
606004444,F TRAS 1790X355X3 1 LD OFF WHITE RACK FLIP 1.8
606004445,F TRAS 540X390 CINAMOMO BUFFET 2/4 PORTA
606004446,F TRAS 720X325 2 LD PRETO AC MESA GAMER GTX
606004447,F TRAS 645 X 405 OFF WHITE PENTEADEIRA DIAMANTE
606004448,F TRAS DIR 670X250 1 LD CINAMOMO AURORA
606004449,F TRAS ESQ 670X267 1 LD CINAMOMO AURORA
606004450,F TRAS DIR 670X250 1 LD BRANCO AC AURORA
606004451,F TRAS ESQ 670X267 1 LD BRANCO AC AURORA
606004452,F TRAS DIR 670X250 1 LD OFF WHITE AURORA
606004453,F TRAS ESQ 670X267 1 LD OFF WHITE AURORA
606004454,F TRAS MENOR 385X150 S/PINTURA MESA CAB MAVIE
606004455,F TRAS MAIOR 385X285 1 LD BRANCO MESA CAB MAVIE
606004456,F TRAS MAIOR 385X285 1 LD OFF WHITE MESA CAB MAVIE
606004457,F TRAS MAIOR 385X285 1 LD CINAMOMO MESA CAB MAVIE
606004458,F TRAS 720X325 2 LD BRANCO ESCRIVANINHA ENCANTO
606004459,F TRAS 720X325 2 LD CINAMOMO ESCRIVANINHA ENCANTO
606004460,F TRAS 400X360 S/PINT ESP VERSATIL(PINTA AQUI)
606004461,F TRAS 400X360 1 LD CINAMOMO ESPELHEIRA VERSATIL
606004462,F TRAS 400X227 S/PINT ESP VERSATIL(PINTA AQUI)
606004463,F TRAS 1590X355 1 LD OFF WHITE RACK FLIP 1.6
606004464,F TRAS 855X285 1 LD OFF WHITE BUFFET FLIP 0.9
606004465,F TRAS 1220X285 1 LD OFF WHITE BUFFET FLIP 1.2
606004466,F TRAS 1790X235 S/ PINTURA HOME ANGEL 1.8
606004467,F TRAS 1590X235 S/ PINTURA HOME ANGEL 1.6
606004468,F TRAS 775X222 2 LD OFF WHITE RACK OASIS 1.6(USIN
606004469,F TRAS 895X222 2 LD OFF WHITE RACK OASIS 1.8(USIN
606004470,FUNDO MAIOR 1575X263 1LD PTO AC RACK SIRIUS 1.6
606004471,FUNDO MENOR 1575X145 1LD PTO AC RACK SIRIUS 1.6
606004472,F TRAS 1590X355 1 LD PTO AC RACK FLIP 1.6
606004473,F TRAS 1085X145 C/ FURO 1 LD BRANCO RACK INTENSE
606004474,F TRAS 1085X185 1 LD BRANCO RACK INTENSE
606004475,F TRAS 1085X145 C/ FURO 1 LD PTO AC RACK INTENSE
606004476,F TRAS 1085X185 1 LD PRETO AC RACK INTENSE
606004477,F TRAS 1085X145 C/ FURO 1 LD GRAFITE RACK INTENSE
606004478,F TRAS 1085X185 1 LD GRAFITE RACK INTENSE
606004479,F TRAS 1085X145 C/ FURO 1 LD OFF WHITE RACK INTENS
606004480,F TRAS 1085X185 1 LD OFF WHITE RACK INTENSE
606004481,F TRAS 445X340 S/ PINT MESA CABECEIRA MADERO
606004486,FUNDO MAIOR 1575X263 1LD CINAMOMO RACK SIRIUS 1.6
606004488,F TRAS 625 X 320 OFF WHITE LIVREIRO ENCANTO
606004490,F TRAS 720X325 2 LD OFF WHITE ESCRIVANINHA ENCANTO
606004492,F TRAS 720X275 OFF WHITE SPACE
606004495,F TRAS 508 X 400 CINAMOMO PENTEADEIRA ELOA/MEL
606005001,F TRAS 900 X 322 S/PINT
606005002,F TRAS 367 X 355 S/PINT MAGIC
606007001,GRADE PARA BERCO PLASTIFICADO 17 PALITOS
606007002,GRADE PARA BERCO 1300X650X25 + PONTEIRA DA GRADE
606008001,"MADEIRA EUCALIPTO BENEF 1300 X0,045 X0022(SARRAFO)"
606008002,SARRAFO MADEIRA 1300 X 45 X 25 BERCO GOLDEN
606009002,ASSENTO BANQUETA YASMIN
606009003,ASSENTO BANQUETA CAMARIM STRASS
606009004,ASSENTO BANQUETA VERSATIL
606009005,ASSENTO SAPATEIRA HALL
606009006,ASSENTO SAPATEIRA CHARLOTTE
606009007,ENCOSTO SAPATEIRA CHARLOTTE
606010001,TAMPO EM COURO WHISKY MESA CENTRO DECOR 700
606010002,TAMPO EM COURO PRETO MESA CENTRO DECOR 700
606010003,TAMPO EM COURO WHISKY MESA CENTRO DECOR 600
606010004,TAMPO EM COURO PRETO MESA CENTRO DECOR 600
606010005,TAMPO EM COURO WHISKY MESA LATERAL DECOR 560
606010006,TAMPO EM COURO PRETO MESA LATERAL DECOR 560
606010007,TAMPO EM COURO WHISKY MESA LATERAL DECOR 470
606010008,TAMPO EM COURO PRETO MESA LATERAL DECOR 470
606011001,ESPUMA D20 400X375X40 BANQUETA VERSATIL
606011002,ESPUMA D20 450X300X20 BANQUETA STRASS
607001009,CX SIMPLES ASSIST 1155X305X4 ESPELHO MAGIC NEW
607001031,CX DIVERSAS
607001088,CX 1/1 TRIPLEX 830X830X43 CENTRO PRISCILA PLUS
607001089,CX SIMPLES 735X395X26 PE CENTRO PRISCILA PLUS
607001121,CX 1/2 TRIPLEX 1265X490X90 PENT DUDA
607001122,CX 2/2 TRIPLEX 730X665X73 PENT DUDA
607001123,CX SIMPLES ACESS 600X75X48 PENT DUDA
607001125,CX SIMPLES ASSIST 660X565X4 ESPELHO DUDA
607001145,CX 1/2 TRIPLEX 1160X540X90 LIZ
607001146,CX 2/2 TRIPLEX 970X540X67 LIZ
607001147,CX SIMPLES ACESS 475X145X50 LIZ
607001149,CX SIMPLES ACESS 395X125X40 BOOK
607001156,CX 1/1 TRIPLEX 1900X440X84 BOOK
607001161,CX 1/1 TRIPLEX 1005X500X120 PRINCESA
607001162,CX SIMPLES ACESS 520X65X45 PRINCESA
607001188,CX 1/1 TRIPLEX 1638X490X88 ESTRELA
607001189,CX SIMPLES ACESS 420X290X50 ESTRELA
607001208,CX 1/1 SIMPLES 650X650X75 CENTRO SKINNY
607001209,CX 1/1 SIMPLES 700X455X70 APOIO SKINNY
607001210,CX 1/1 SIMPLES 555X455X70 LATERAL SKINNY
607001250,CX 1/2 KRAFT 690X690X28 CENTRO EVOLUTION
607001252,CX 2/2 TRIPLEX 410X80X80 CENTRO EVOLUTION
607001255,CX 1/2 KRAFT 455X455X28 LATERAL EVOLUTION
607001256,CX 2/2 TRIPLEX 490X120X120 LATERAL EVOLUTION
607001257,CX 1/2 KRAFT 545X545X28 APOIO EVOLUTION
607001258,CX 2/2 TRIPLEX 645X120X120 APOIO EVOLUTION
607001261,CX SIMPLES ACESS 290X150X35 HOME PARIS
607001262,CX 1/2 KRAFT 680X680X28 CENTRO LEGS
607001263,CX 2/2 TRIPLEX 400X120X80 CENTRO LEGS
607001264,CX 1/2 KRAFT 450X450X28 LATERAL LEGS
607001265,CX 2/2 TRIPLEX 500X120X80 LATERAL LEGS
607001266,CX 1/2 KRAFT 540X540X28 APOIO LEGS
607001267,CX 2/2 TRIPLEX 650X120X80 APOIO LEGS
607001268,CX 1/1 SIMPLES 2065X530X96 EXPOSITOR PATRIMAR
607001290,CX 1/2 TRIPLEX 920X700X97 SONOSUAVE
607001291,CX 2/2 TRIPLEX 1320X719X65 SONOSUAVE
607001292,CX 1/2 TRIPLEX 920X700X97 ARCO IRIS
607001293,CX 2/2 TRIPLEX 1320X719X65 ARCO IRIS
607001295,CX 1/1 TRIPLEX 1185X380X85 MAGIC NEW
607001311,CX 1/1 TRIPLEX 1140X445X140 APARADOR SELLER
607001318,CX SIMPLES ESPELHO 725X275X13 CRISTALEIRA SELLER
607001323,CX SIMPLES ACESS 335X90X40 MAGIC NEW
607001324,CX SIMPLES ACESS 390X180X52 APARADOR SELLER
607001330,CX SIMPLES ACESS 440X70X50 COMP MILLION
607001335,CX SIMPLES ACESS 780X90X47 CRISTALEIRA SELLER
607001360,CX 1/1 TRIPLEX 1300X710X100 ALGODAO DOCE
607001361,CX 1/1 TRIPLEX 955X462X169 CANT CAFE ACONCHEGO
607001362,CX SIMPLES ACESS 440X90X65 CANT CAFE ACONCHEGO
607001377,CX 1/1 TRIPLEX 1025X488X162 RACK TRIBECA 35.43
607001379,CX 1/1 TRIPLEX 1030X540X118 PAINEL TRIBECA 35.43
607001388,CX SIMPLES ACESS 540X140X55 RACK TRIBECA 35.43
607001389,CX SIMPLES ACESS 205X165X30 PNL TRIBECA 35.43
607001390,CX SIMPLES ACESS 300X140X50 PNL TRIBECA 62.99
607001396,CX 1/2 TRIPLEX 1685X385X160 PAINEL TRIBECA 62.99
607001397,CX 2/2 TRIPLEX 1725X630X92 PAINEL TRIBECA 62.99
607001400,CX SIMPLES ACESS 360X75X95 BAR LEBLON
607001402,CX 1/2 TRIPLEX 610X610X30 CENTRO LUNA 590
607001403,CX 2/2 TRIPLEX 350X120X80 CENTRO LUNA 590
607001404,CX 1/2 TRIPLEX 740X740X30 CENTRO LUNA 670
607001405,CX 2/2 TRIPLEX 400X120X80 CENTRO LUNA 670
607001406,CX 1/2 TRIPLEX 515X515X30 LATERAL LUNA 440
607001407,CX 2/2 TRIPLEX 600X120X80 LATERAL LUNA 440
607001409,CX 1/2 TRIPLEX 605X605X30 APOIO LUNA 530
607001410,CX 2/2 TRIPLEX 650X120X80 APOIO LUNA 530
607001413,CX 1/1 TRIPLEX 1260X488X72 PAINEL ITALIA
607001415,CX SIMPLES ACESS 310X120X35 PNL ITALIA
607001417,CX SIMPLES ACESS 425X82X88 SPAZIO
607001420,CX SIMPLES 870X115X90 PE CAMARIM STRASS
607001421,CX SIMPLES ACESS 440X200X80 CAMARIM STRASS
607001430,CX SIMPLES ACESS 415X235X95 CAMARIM ELOA
607001432,CX 2/2 TRIPLEX 995X695X50 CAMARIM MEL
607001437,CX 1/1 TRIPLEX 1420X420X88 RACK BRITO 137
607001438,CX SIMPLES ACESS 390X180X45 RACK BRITO 137
607001439,CX SIMPLES ASSIST 350X340X20 PORTA BRITO
607001440,CX SIMPLES ASSIST 665X240X20 PTA BASCULANTE BRITO
607001441,CX SIMPLES ASSIST 1375X405X20 TAMPO/BASE BRITO
607001442,CX SIMPLES ASSIST 655X385X20 PRATELEIRA BRITO
607001443,CX SIMPLES ASSIST 380X355X20 LAT DIR/ESQ DIV BRITO
607001452,CX 1/1 TRIPLEX 1130X630X200 SAPATEIRA HAMPTON
607001453,CX SIMPLES ACESS 310X200X55 SAPATEIRA HAMPTON
607001458,CX 1/2 TRIPLEX 875X640X158 ARMARIO HAMPTON
607001459,CX SIMPLES ACESS 480X100X55 ARMARIO HAMPTON
607001460,CX 2/2 TRIPLEX 1505X610X112 ARMARIO HAMPTON
607001466,CX 1/1 TRIPLEX 1442X451X158 ARMARIO PRISM
607001467,CX SIMPLES ACESS 715X260X55 ARMARIO PRISM
607001468,CX 1/1 TRIPLEX 1075X460X172 BALCAO PRISM
607001469,CX SIMPLES ACESS 410X140X55 BALCAO PRISM
607001470,CX 1/1 TRIPLEX 1435 X 578 X 108 ESCRIVANINHA PRISM
607001471,CX SIMPLES ACESS 760X300X40 ESCRIV PRISM
607001473,CX 1/1 TRIPLEX 1005X505X116 ATRAENTE
607001474,CX SIMPLES ACESS 950X158X55 ATRAENTE
607001475,CX 1/1 TRIPLEX 1030X630X145 ESCRITORIO HAMPTON
607001476,CX 1/1 TRIPLEX 890X210X65 ESCRITORIO PATRIMAR
607001479,CX 1/1 TRIPLEX 1410X425X85 PAINEL PRISM 1.4
607001480,CX 1/1 TRIPLEX 1650X425X85 PAINEL PRISM 1.6
607001481,CX 1/1 TRIPLEX 1850X470X70 PAINEL PRISM 1.8
607001482,CX 1/1 TRIPLEX 1445X427X122 RACK PRISM 1.4
607001483,CX SIMPLES ACESS 410X145X45 RACK PRISM 1.4
607001484,CX 1/1 TRIPLEX 1685X427X122 RACK PRISM 1.6
607001485,CX SIMPLES ACESS 370X125X40 RACK PRISM 1.6
607001486,CX 1/1 TRIPLEX 1890X427X122 RACK PRISM 1.8 750GR
607001487,CX SIMPLES ACESS 410X145X45 RACK PRISM 1.8
607001488,CX 1/1 TRIPLEX 795X465X100 BOMBE PREMIER
607001489,CX SIMPLES ACESS 430X85X55 BOMBE PREMIER
607001490,CX 1/1 KRAFT 1410X520X58 PAINEL TOPAZIO
607001491,CX 1/1 KRAFT 1410X405X80 RACK TOPAZIO
607001492,CX 1/1 KRAFT 945X455X63 PAINEL YAN
607001493,CX 1/1 KRAFT 945X405X95 RACK YAN
607001494,CX 1/2 TRIPLEX 915X455X155 CAMARIM ELOA
607001496,CX 1/1 TRIPLEX 1250X425X130 SPACE
607001497,CX SIMPLES ACESS 400X95X50 SPACE
607001498,CX 1/2 TRIPLEX 845X440X140 CAMARIM MEL
607001499,CX SIMPLES ACESS 415X135X95 CAMARIM MEL
607001502,CX 1/1 TRIPLEX 980X562X60 CENTRO PRISM
607001503,CX 1/1 TRIPLEX 500X325X170 NICHO MILLION
607001505,CX 1/1 TRIPLEX 1050X445X165 SPAZIO
607001506,CX 1/1 TRIPLEX 935X470X155 DALILA NEW
607001507,CX 1/2 KRAFT 1650X545X50 PAINEL ADRYAN
607001508,CX 2/2 TRIPLEX 1610X335X105 PAINEL ADRYAN
607001510,CX 1/2 TRIPLEX 1235X490X155 CAMARIM STRASS
607001511,CX 2/2 TRIPLEX 1080X695X52 CAMARIM STRASS
607001512,CX 1/2 TRIPLEX 1750X375X98 SAPATEIRA LISBOA
607001513,CX 2/2 TRIPLEX 1775X475X24 SAPATEIRA LISBOA
607001514,CX 2/2 TRIPLEX 1395X695X68 CAMARIM ELOA
607001516,CX 1/1 KRAFT 650X652X78 CENTRO BAIXA LINS
607001517,CX 1/1 KRAFT 520X522X78 LATERAL BAIXA LINS
607001518,CX 1/1 KRAFT 745X747X78 CENTRO ALTA LINS
607001519,CX 1/1 KRAFT 615X597X78 LATERAL ALTA LINS
607001520,CX 1/1 KRAFT 545X447X73 LATERAL BAIXA STAR
607001521,CX 1/1 KRAFT 690X447X73 LATERAL ALTA STAR
607001522,CX 1/1 KRAFT 650X647X73 CENTRO STAR
607001526,CX 1/2 TRIPLEX 820X400X145 CRISTALEIRA SELLER
607001527,CX 2/2 TRIPLEX 1410X385X75 CRISTALEIRA SELLER
607001528,CX 1/1 TRIPLEX 850X495X160 BAR LEBLON
607001532,CX 1/1 TRIPLEX 1865X470X70 PAINEL MARSELHA 1.8
607001533,CX SIMPLES ACESS 145X80X25 PNL MARSELHA 1.8
607001534,CX 1/1 TRIPLEX 1675X433X80 PAINEL MARSELHA 1.6
607001535,CX SIMPLES ACESS 160X95X40 PNL MARSELHA 1.6
607001536,CX 1/1 TRIPLEX 1430X425X80 PAINEL MARSELHA 1.36
607001537,CX SIMPLES ACESS 170X135X25 PNL MARSELHA 1.36
607001538,CX 1/1 TRIPLEX 1435X395X115 RACK MARSELHA 1.36
607001539,CX SIMPLES ACESS 375X235X60 RACK MARSELHA 1.36
607001540,CX 1/1 TRIPLEX 1670X395X130 RACK MARSELHA 1.6
607001541,CX SIMPLES ACESS 375X230X75 RACK MARSELHA 1.6
607001542,CX 1/1 TRIPLEX 1870X395X130 RACK MARSELHA 1.8
607001543,CX SIMPLES ACESS 355X260X70 RACK MARSELHA 1.8
607001544,CX SIMPLES ACESS 200X95X20 CENTRO PRISM
607001545,CX 1/1 TRIPLEX 470X415X118 BANQUETA VERSATIL
607001546,CX 2/2 TRIPLEX 1150X440X86 JUMA NEW
607001547,CX 1/2 TRIPLEX 1090X460X140 JUMA NEW
607001548,CX 1/1 TRIPLEX 1305X465X95 COMP MILLION
607001551,CX 1/2 TRIPLEX 1650X330X140 PAINEL HOME TREND
607001552,CX 2/2 TRIPLEX 1670X520X52 PAINEL HOME TREND
607001553,CX SIMPLES ACESS 335X115X45 PAINEL TREND
607001602,CX 1/1 KRAFT 725X725X93 CENTRO SUPREME
607001603,CX 1/1 KRAFT 670X680X125 LATERA ALTA SUPREME
607001604,CX 1/1 KRAFT 510X515X123 LATERAL BAIXA SUPREME
607001605,CX SIMPLES ACESS 145X80X25 PNL PRISM 1.4/1.6/1.8
607001606,CAIXA DIVERSAS
607001607,CX 1/1 TRIPLEX 1150X420X143 APARADOR VERO
607001608,CX SIMPLES ACESS 390X180X52 APARADOR VERO
607001609,CX 1/1 TRIPLEX 950X545X60 CENTRO LAILA
607001610,CX SIMPLES ACESS 200X95X20 CENTRO LAILA
607001623,CX SIMPLES ASSIST 908X508X33 TAMPO LAILA
607001624,CX 1/1 TRIPLEX 1690X452X130 BUFFET 4 PT PRISM
607001625,CX SIMPLES ACESS 470X275X45 BUFFET 4 PT PRISM
607001626,CX 1/1 TRIPLEX 900X447X148 BUFFET 2 PT PRISM
607001627,CX SIMPLES ACESS 395X173X62 BUFFET 2 PT PRISM
607001628,CX 1/1 KRAFT 580X527X53 MESA LATERAL PRISM
607001629,CX SIMPLES ACESS 240X70X18 LATERAL PRISM
607001630,CX 1/1 SIMPLES 925X480X92 PAINEL TURIM
607001632,CX 1/1 SIMPLES 925X418X137 BUFFET 3 PT PARIS
607001633,CX SIMPLES ACESS 387X153X43 BUFFET 3 PT PARIS
607001634,CX 1/1 TRIPLEX 825X420X145 ADEGA LONDRES
607001635,CX SIMPLES ACESS 345X78X52 BAR ADEGA LONDRES
607001638,CX 1/1 SIMPLES 555X395X110 MESA CAB SLIM
607001639,CX SIMPLES ACESS 355X85X80 MESA CAB SLIM
607001640,CX 1/1 SIMPLES 540X540X75 CONJ 2 MESA SLIM
607001643,CX 1/1 KRAFT 485X377X200 MESA CAB BILL
607001644,CX SIMPLES ACESS 340X135X95 MESA CAB BILL
607001645,CX 1/1 SIMPLES 925X418X137 BUFFET 3 PT PRIME/JADE
607001646,CX SIMPLES ACESS 387X153X43 BUFFET 3 PT PRIME
607001648,CX 1/1 SIMPLES 1865X345X77 LIVREIRO ENCANTO C/PE
607001649,CX 1/1 KRAFT 635X362X192 BUFFET 2 PT PIX
607001650,CX 1/1 SIMPLES 635X425X161 BUFFET 2 PT PARIS
607001651,CX SIMPLES ACESS 285X165X50 BUFFET PARIS 2 PT
607001652,CX 1/1 KRAFT 930X440X95 PAINEL OTTO
607001653,CX SIMPLES ACESS 175X78X37 PAINEL OTTO
607001654,CX 1/1 KRAFT 925X380X118 APARADOR BUFFET LOUISE
607001655,CX SIMPLES ACESS 430X180X60 BUFFET LOUISE
607001656,CX 1/1 SIMPLES 1823X343X78 LIVREIRO ENCANTO
607001657,CX 1/1 TRIPLEX 1230X715X100 CAMARIM DIAMANTE
607001658,CX SIMPLES ACESS 305X274X38 CAMARIM DIAMANTE
607001659,CX 1/1 TRIPLEX 955X398X155 SAPATEIRA HALL
607001660,CX SIMPLES ACESS 320X110X23 SAPTEIRA HALL
607001661,CX 1/1 TRIPLEX 1065X445X200 SAPATEIRA CHARLOTTE
607001662,CX SIMPLES ACESS 340X210X48 CHARLOTTE
607001664,CX 1/1 KRAFT 1830X570X65 PAINEL DIJON
607001665,CX SIMPLES ACESS 230X150X25 PAINEL DIJON
607001666,CX 1/1 KRAFT 1390X483X83 PAINEL ASTRAL
607001667,CX SIMPLES ACESS 325X62X37 PAINEL ASTRAL
607001668,CX 1/1 KRAFT 1388X482X69 PAINEL LIFE 1.36
607001669,CX SIMPLES ACESS 195X110X23 PAINEL LIFE 1.36
607001670,CX 1/1 KRAFT 1388X300X108 APARADOR LIFE 1.36
607001671,CX SIMPLES ACESS 275X143X38 APARADOR LIFE 1.36
607001672,CX 1/1 KRAFT 1830X480X64 PAINEL LIFE 1.8
607001673,CX SIMPLES ACESS 195X110X18 PAINEL LIFE 1.8
607001674,CX 1/1 KRAFT 1830X300X108 APARADOR LIFE 1.8
607001675,CX SIMPLES ACESS 275X143X38 APARADOR LIFE 1.8
607001676,CX 1/1 KRAFT 728X365X125 BUFFET VENEZA
607001677,CX SIMPLES ACESS 330X183X55 BUFFET VENEZA
607001678,CX 1/2 KRAFT 930X410X155 COMODA SAPATEIRA DUBAI
607001679,CX 2/2 KRAFT 1840X495X58 COMODA SAPATEIRA DUBAI
607001680,CX SIMPLES ACESS 370X152X53 COMODA SAPATEIRA DUBAI
607001681,CX 1/1 SIMPLES 1210X430X130 BUFFET CAJUEIRO
607001682,CX SIMPLES ACESS 320X123X68 BUFFET CAJUEIRO
607001683,CX 1/1 KRAFT 930X330X85 BALCAO MULTIUSO THOR
607001684,CX SIMPLES ACESS 280X73X28 BALCAO MULTIUSO THOR
607001685,CX 1/1 KRAFT 932X330X160 LIVREIRO THOR
607001686,CX SIMPLES ACESS 295X56X33 LIVREIRO THOR
607001687,CX 1/1 KRAFT 1430X580X59 PAINEL INTENSE
607001688,CX SIMPLES ACESS 194X117X23 PAINEL INTENSE
607001689,CX 1/1 KRAFT 965X420X145 BUFFET CLASSIC
607001690,CX SIMPLES ACESS 345X290X38 BUFFET CLASSIC
607001691,CX 1/2 TRIPLEX 930X721X95 BERCO 5 GAV GOLDEN
607001692,CX 2/2 TRIPLEX 1338X694X97 BERCO 5 GAV GOLDEN
607001693,CX SIMPLES ACESS 610X116X51 BERCO 5 GAV GOLDEN
607001694,CX 1/1 TRIPLEX 750X360X100 APARADOR RUBI (QUALITY)
607001695,CX 1/1 KRAFT 935X333X135 AMRARIO JESSICA
607001696,CX SIMPLES ACESS 283X193X40 ARMARIO JESSICA
607001697,CX 1/1 TRIPLEX 1434X428X137 CANTINHO CAFE SIENA
607001698,CX SIMPLES ACESS 418X213X55 CANTINHO CAFE SIENA
607001699,CX 1/1 TRIPLEX 1327X570X83 ESCRIVANINHA TAURUS
607001700,CX SIMPLES ACESS 320X123X27 ESCRIVANINHA TAURUS
607001701,CX 1/1 TRIPLEX 1809X383X106 LIVREIRO TAURUS
607001702,CX SIMPLES ACESS 305X143X59 LIVREIRO TAURUS
607001703,CX 1/1 KRAFT 1315X477X80 ESCRIVANINHA BELLA
607001704,CX SIMPLES ACESS 443X82X42 ESCRIVANINHA BELLA
607001705,CX 1/2 TRIPLEX 2578X515X84 PAINEL SUPREMO 2.3
607001706,CX 2/2 TRIPLEX 2578X517X84 PAINEL SUPREMO 2.3
607001707,CX SIMPLES ACESS 348X180X19 PAINEL SUPREMO 2.3
607001708,CX 1/3 TRIPLEX 1878X510X84 HOME ANTARES 1.8
607001709,CX 2/3 TRIPLEX 1878X510X58 HOME ANTARES 1.8
607001710,CX SIMPLES ACESS 195X193X22 HOME ANTARES 1.8
607001711,CX TRIPLEX 1/3 2578X515X84 HOME RIPADO SUPREMO 2.3
607001712,CX TRIPLEX 2/3 2578X517X84 HOME RIPADO SUPREMO 2.3
607001713,CX SIMPLES ACESS 1/3 348X180X19 HOME SUPREMO 2.3
607001714,CX TRIPLEX 3/3 2070X350X71 HOME SUPREMO 2.3
607001715,CX SIMPLES ACESS V3 310X260X25 HOME SUPREMO 2.3
607001716,CX 1/2 TRIPLEX 2578X515X60 PAINEL RIPADO 2.3X1.8
607001717,CX 2/2 TRIPLEX 2578X517X84 PAINEL RIPADO 2.3X1.8
607001718,CX SIMPLES ACESS 408X126X19 PAINEL RIPADO 2.3X1.8
607001719,CX 1/3 TRIPLEX 2578X515X60 HOME SUPREMO 1.8
607001720,CX 2/3 TRIPLEX 2578X517X84 HOME SUPREMO 1.8
607001721,CX 3/3 TRIPLEX 1677X352X71 HOME SUPREMO 1.8
607001722,CX SIMPLES ACESS 468X123X23 SUPREMO/ANTARES 1.8
607001723,CX 3/3 TRIPLEX 1677X352X71 HOME ANTARES 1.8
607001724,CX 1/1 KRAFT 1390X410X85 RACK NATURE
607001725,CX SIMPLES ACESS 365X223X43 RACK NATURE
607001726,CX 1/1 KRAFT 1390X410X90 RACK SHOW
607001727,CX SIMPLES ACESS 235X198X53 RACK SHOW
607001729,CX TRIPLEX 1/1 2070X350X71 NICHO SUPREMO 2.0
607001730,CX SIMPLES ACESS 390X118X24 NICHO SUPREMO 2.0
607001731,CX 1/1 TRIPLEX 1677X352X71 NICHO SUPREMO 1.6
607001732,CX SIMPLES ACESS 468X123X23 NICHO SUPREMO 1.6
607001733,CX 1/1 KRAFT 760X705X90 PENTEADEIRA LAURA
607001734,CX SIMPLES ACESS 672X217X48 PENTEADEIRA LAURA
607001735,CX 1/1 TRIPLEX 650X547X105 MESA LATERAL DECOR 470
607001736,CX 1/1 TRIPLEX 715X637X105 MESA LATERAL DECOR 560
607001737,CX 1/1 SIMPLES 675X675X108 MESA CENTRO DECOR 600
607001738,CX 1/1 SIMPLES 765X765X108 MESA CENTRO DECOR 700
607001739,CX 1/1 TRIPLEX 2572X505X62 MODULO SUPREMO 0.496
607001740,CX SIMPLES ACESS 180X177X23 MODULO SUPREMO 0.496
607001741,CX 1/1 TRIPLEX 2572X510X83 MODULO SUPREMO 0.945
607001742,CX SIMPLES ACESS 395X185X28 MODULO SUPREMO 0.945
607001743,CX 1/1 TRIPLEX 970X418X117 RACK SIRIUS 0.9
607001744,CX SIMPLES ACESS 372X173X62 RACK SIRIUS 0.9
607001745,CX 1/1 TRIPLEX 1435X418X100 RACK SIRIUS 1.4
607001746,CX SIMPLES ACESS 372X263X30 RACK SIRIUS 1.4/1.6
607001747,CX 1/1 TRIPLEX 1670X418X105 RACK SIRIUS 1.6
607001748,CX 1/2 TRIPLEX 2280X473X80 PAINEL DELTA 2.3
607001749,CX 2/2 TRIPLEX 2280X510X80 PAINEL DELTA 2.3
607001750,CX SIMPLES ACESS 394X109X20 PAINEL DELTA 2.3/1.8
607001751,CX 1/2 TRIPLEX 2280X473X62 PAINEL DELTA 1.8
607001752,CX 2/2 TRIPLEX 2280X510X80 PAINEL DELTA 1.8
607001753,CX 1/1 TRIPLEX 1680X578X65 PAINEL SIRIUS 1.6
607001754,CX SIMPLES ACESS 233X123X23 PAINEL SIRIUS 1.6
607001755,CX 1/1 KRAFT 945X455X63 PAINEL SIRIUS 0.9
607001756,CX 1/1 KRAFT 1410X520X58 PAINEL SIRIUS 1.4
607001757,CX 1/2 TRIPLEX 875X485X74 ROUPEIRO GOLDEN
607001758,CX 2/2 TRIPLEX 1865X465X86 ROUPEIRO GOLDEN
607001759,CX SIMPLES ACESS 444X123X46 ROUPEIRO GOLDEN
607001760,CX 1/1 TRIPLEX 940X448X127 COMODA GOLDEN
607001761,CX SIMPLES ACESS 374X147X57 COMODA GOLDEN
607001762,CX 1/2 TRIPLEX 2535X920X55 EXPOSITOR U
607001763,CX 2/2 TRIPLEX 2221X648X72 EXPOSITOR U
607001764,CX 1/1 TRIPLEX 2535X653X117 EXPOSITOR RETO
607001765,CX 1/1 KRAFT 805X405X128 APARADOR VEGAS
607001766,CX SIMPLES ACESS 373X120X70 APARADOR VEGAS
607001767,CX 1/1 KRAFT 1425X491X93 ESCRIVANINHA GAMER
607001768,CX SIMPLES ACESS 235X113X25 ESCRIVANINHA GAMER
607001769,CX 1/1 SIMPLES 435X392X115 MESA CABECEIRA SLEEP
607001770,CX 1/1 TRIPLEX 950X498X80 PAINEL MILAO
607001771,CX 1/1 SIMPLES 462X380X123 MESA CABECEIRA PRIME
607001772,CX 1/1 SIMPLES 1798X343X104 MULTIUSO RYAN
607001773,CX 1/1 SIMPLES 1822X295X90 MULTIUSO CAUE
607001774,CX 1/1 TRIPLEX 1310X450X133 BUFFET 3 PT PRISM
607001775,CX SIMPLES ACESS 410X200X65 BUFFET 3 PT PRISM
607001776,CX 1/2 TRIPLEX 1430X407X98 CRISTALEIRA FLIP
607001777,CX 2/2 TRIPLEX 970X450X90 CRISTALEIRA FLIP
607001778,CX SIMPLES ACESS 495X190X47 CRISTALEIRA FLIP
607001779,CX SIMPLES ESPELHO 830X333X15 CRITALEIRA FLIP
607001780,CX 1/2 TRIPLEX 1865X482X110 BUFFET FLIP 1.8
607001781,CX 2/2 TRIPLEX 667X452X95 BUFFET FLIP 1.8
607001782,CX SIMPLES ACESS 595X245X43 BUFFET FLIP 1.8
607001783,CX 1/2 TRIPLEX 1667X475X115 BUFFET FLIP 1.6
607001784,CX 2/2 TRIPLEX 680X422X95 BUFFET FLIP 1.6
607001785,CX SIMPLES ACESS 435X313X45 BUFFET FLIP 1.6
607001786,CX 1/1 TRIPLEX 2270X415X110 RACK FLIP 2.2
607001787,CX SIMPLES ACESS 725X228X45 RACK FLIP 2.2
607001788,CX 1/1 TRIPLEX 1870X415X108 RACK FLIP 1.8
607001789,CX SIMPLES ACESS 637X223X50 RACK FLIP 1.8
607001790,CX 1/2 TRIPLEX 1430X405X90 CRISTALEIRA ORION
607001791,CX 2/2 TRIPLEX 840X415X95 CRISTALEIRA ORION
607001792,CX SIMPLES ACESS 428X298X38 CRISTALEIRA ORION
607001793,CX SIMPLES ESPELHO 720X350X15 CRISTALEIRA ORION
607001794,CX 1/1 KRAFT 1435X570X78 MESA GAMER GTX
607001795,CX SIMPLES ACESS 245X193X38 MESA GAMER GTX
607001796,CX 1/1 KRAFT 1875X360X93 ARMARIO GAMER GTX
607001797,CX SIMPLES ACESS 265X133X38 ARMARIO GAMER GTX
607001798,CX 1/1 KRAFT 640X427X50 ESPELHEIRA VERSATIL
607001799,CX SIMPLES ACESS 230X73X30 ESPELHEIRA VERSATIL
607001800,CX 1/1 KRAFT 893X420X172 CANTINHO DO CAFE AURORA
607001801,CX SIMPLES ACESS 373X140X63 CANTINHO CAFE AURORA
607001802,CX 1/1 KRAFT 435X357X133 MESA CABECEIRA MAVIE
607001803,CX 1/1 KRAFT MESA CENTRO SLIM 580X542X063
607001804,CX 1/1 SIMPLES 1735X370X78 RACK JOAQUIM
607001805,CX 1/1 TRIPLEX 2003X675X57 CABECEIRA VIENA
607001806,CX ACESS 493X93X31 CABECEIRA VIENA
607001807,CX 1/1 KRAFT 1435X570X78 ESCRIVANINHA ENCANTO
607001808,CX SIMPLES ACESS 245X193X38 ESCRIVANINHA ENCANTO
607001809,CX 1/1 KRAFT 1875X360X93 ARMARIO ENCANTO
607001810,CX SIMPLES ACESS 265X133X38 ARMARIO ENCANTO
607001811,CX 1/1 SIMPLES 675X395X130 KIT 2 MESA CAB SLEEP
607001812,CX 1/2 TRIPLEX 2560X647X37 EXPOSITOR PATRIMAR II
607001813,CX 2/2 TRIPLEX 2410X647X52 EXPOSITOR PATRIMAR II
607001814,CX 1/1 SIMPLES 675X675X80 MESA CENTRO EVOLUTION
607001815,CX 1/1 SIMPLES 645X545X108 MESA APOIO EVOLUTION
607001816,CX 1/1 SIMPLES 495X450X108 MESA LATERAL EVOLUTION
607001817,CX 1/1 SIMPLES 680X680X83 MESA CENTRO LUNA 670
607001818,CX 1/1 SIMPLES 600X600X83 CENTRO LUNA 590
607001819,CX 1/1 SIMPLES 610X535X80 MESA APOIO LUNA 530
607001820,CX 1/1 SIMPLES 560X450X80 MESA LATERAL LUNA 440
607001821,CX 1/2 TRIPLEX 1630X303X140 PAINEL HOME TREND
607001822,CX 2/2 TRIPLEX 1655X520X52 PAINEL HOME TREND
607001823,CX SIMPLES ACESS 253X193X48 PAINEL TREND
607001824,CX 1/1 TRIPLEX 1677X415X125 RACK FLIP 1.6
607001825,CX SIMPLES ACESS 510X330X50 RACK FLIP 1.6
607001826,CX 1/1 TRIPLEX 935X480X180 BUFFET FLIP 0.9
607001827,CX SIMPLES ACESS 375X253X53 BUFFET FLIP 0.9
607001828,CX 1/1 TRIPLEX 1303X480X152 BUFFET FLIP 1.2
607001829,CX SIMPLES ACESS 595X193X53 BUFFET FLIP 1.2
607001830,CX 1/2 TRIPLEX 1870X510X112 HOME ANTARES 1.4
607001831,CX 2/2 TRIPLEX 1267X347X85 HOME ANTARES 1.4
607001832,CX SIMPLES ACESS 310X243X35 HOME ANTARES 1.4
607001833,CX SIMPLES CUNHA 205X165X25 HOME ANTARES 1.4
607001834,CX 1/1 TRIPLEX 2140X315X50 NICHO IMPACTO 2.0
607001835,CX SIMPLES ACESS 275X73X40 NICHO IMPACTO
607001836,CX 1/1 TRIPLEX 1750X315X50 NICHO IMPACTO 1.6
607001837,CX 1/1 TRIPLEX 1350X320X50 NICHO IMPACTO 1.2
607001838,CX TRIPLEX 1/2 2270X510X83 PAINEL RIP IMPACTO 2.3
607001839,CX TRIPLEX 2/2 2270X510X80 PAINEL RIP IMPACTO 2.3
607001840,CX SIMPLES CUNHA 617X133X28 PAINEL RIP 2.3
607001841,CX SIMPLES ACESS 193X183X23 PAINEL RIPADO
607001842,CX TRIPLEX 1/2 2270X510X63 PAINEL RIP IMPACTO 1.8
607001843,CX TRIPLEX 2/2 2270X510X80 PAINEL RIP IMPACTO 1.8
607001844,CX SIMPLES CUNHA 485X133X28 PAINEL RIP IMPACTO 1.8
607001845,CX TRIPLEX 1/2 2270X510X63 PAINEL RIP IMPACTO 1.4
607001846,CX TRIPLEX 2/2 2275X510X53 PAINEL RIP IMPACTO 1.4
607001847,CX SIMPLES CUNHA 375X133X28 PAINEL RIP IMPACTO 1.4
607001848,CX 1/1 TRIPLEX 1430X435X125 RACK OASIS 1.6
607001849,CX SIMPLES ACESS 405X233X53 RACK OASIS 1.6
607001850,CX 1/1 TRIPLEX 1670X435X125 RACK OASIS 1.8
607001851,CX 1/2 TRIPLEX 1690X575X80 HOME ANGEL 1.8
607001852,CX 2/2 TRIPLEX 1870X435X117 HOME ANGEL 1.8
607001853,CX SIMPLES ACESS 535X123X53 HOME ANGEL 1.8
607001854,CX 1/2 TRIPLEX 1430X575X75 HOME ANGEL 1.6
607001855,CX 2/2 TRIPLEX 1690X423X117 HOME ANGEL 1.6
607001856,CX SIMPLES ACESS 535X143X38 HOME ANGEL 1.6
607001857,CX SIMPLES ACESS 275X63X40 NICHO IMPACTO 1.6/2.0
607001858,CX SIMPLES CUNHA 270X160X25 ANTARES 1.8
607001859,CAIXAS MALETA GAVETAS
607001860,CX SIMPLES ACESS 405X245X53 RACK OASIS 1.8
607001861,CX SIMPLES ACESS 315X185X28 MODULO SUPREMO 0.496
607001862,CX 1/1 KRAFT 1145X355X115 RACK INTENSE RIP
607001863,CX 1/1 KRAFT 1145X355X115 RACK INTENSE
607001864,CX SIMPLES ACESS 310X260X25 SUPREMO/ANTARES 1.8
607001865,CX 1/1 KRAFT 645X365X88 MESA CABECEIRA MADERO
607001866,CX SIMPLES ACESS 342X178X75 MESA CABECEIRA MADERO
607001875,CX 1/1 TIPLEX 1267X570X105 ESCRIV CANTO MALTA
607001886,CX 1/1 TIPLEX 1170X585X105 PENTEADEIRA EVORA
607001887,CX ACESS 525X88X33 PENTEADEIRA EVORA
607002001,ISOPOR 1/1 RC 1160X350X10 MAGIC NEW
607002002,ISOPOR 1/1 T1 460X65X20 RACK HOME DALLAS
607002016,ISOPOR 1/1 RC 900X110X35 COMODA ARIANA
607002033,ISOPOR 1/1 T1 630X40X40 LATERAL PRISCILA PLUS
607002034,ISOPOR 1/1 T1 790X40X40 CENTRO PRISCILA PLUS
607002045,ISOPOR 1/1 RC 360X140X30 CRIADO NEW RUBI
607002046,ISOPOR 1/1 RC 460X210X12 BOMBE PREMIER
607002049,ISOPOR 1/2 RC 630X105X33 JUMA
607002050,ISOPOR 2/2 RC 400X340X15 JUMA
607002052,ISOPOR 2/2 T1 680X610X15 DUDA
607002053,ISOPOR 1/1 T3 460X55X21 PAINEL DALLAS
607002054,ISOPOR 1/1 T1 460X440X25 PAINEL DALLAS
607002065,ISOPOR 1/2 RC 880X75X30 LIZ
607002066,ISOPOR 1/2 RC 500X70X50 LIZ
607002068,ISOPOR 1/1 T1 1400X150X30 CABECEIRA RUBI
607002069,ISOPOR 1/1 T1 400X210X30 CABECEIRA RUBI
607002072,ISOPOR 1/1 T3 430X80X30 BOOK
607002076,ISOPOR 1/1 RC 980X420X10 PRINCESA
607002079,ISOPOR 1/1 RC 950X120X15 PRINCESA
607002083,ISOPOR 1/1 T1 700X400X15 BOOK
607002094,ISOPOR 1/1 RC 1280X45X45 ESTRELA
607002098,ISOPOR 1/1 RC 400X120X45 RACK TOPAZIO
607002099,ISOPOR 1/1 RC 350X350X10 PAINEL TOPAZIO/SIRUS 136
607002100,ISOPOR 1/1 RC 350X330X25 PAINEL TOPAZIO/SIRIUS 1.4
607002103,ISOPOR 1/1 T1 MOD 640X200X55 CENTRO SKINNY
607002105,ISOPOR 1/1 T1 MOD 440X200X55 APOIO SKINNY
607002106,ISOPOR 1/1 T1 MOD 440X150X55 LATERAL SKINNY
607002109,ISOPOR 1/1 RC 500X210X15 PAINEL YAN/SIRIUS 0.9
607002114,ISOPOR 1/2 RC 720X320X10 MASCAVO
607002121,ISOPOR 1/1 T3 540X115X20 YASMIM
607002122,ISOPOR 1/1 RC 600X100X25 YASMIM
607002123,ISOPOR 1/2 RC 740X300X15 HOME PARIS
607002124,ISOPOR 1/2 RC 1040X70X15 HOME PARIS
607002125,ISOPOR 2/2 RC 1620X100X15 HOME PARIS
607002126,ISOPOR 2/2 RC 500X220X30 HOME PARIS
607002138,ISOPOR 1/1 RC 800X540X10 YASMIM
607002140,ISOPOR 2/2 RC 400X125X40 HOME PARIS
607002145,ISOPOR 1/1 RC 1160X90X15 MAGIC NEW
607002148,ISOPOR 1/1 RC 560X300X15 LIVREIRO ENCANTO
607002149,ISOPOR 1/1 RC 320X50X15 LIVREIRO ENCANTO
607002167,ISOPOR 1/1 RC 680X400X25 ALGODAO DOCE
607002168,ISOPOR 1/1 RC 900X40X25 ALGODAO DOCE
607002169,ISOPOR 1/1 RC 1300X700X10 ALGODAO DOCE
607002170,ISOPOR 1/1 RC 790X125X15 CAFE ACONCHEGO
607002171,ISOPOR 1/1 RC 515X75X15 CAFE ACONCHEGO
607002177,ISOPOR 1/1 RC 430X115X15 CAFE ACONCHEGO
607002180,ISOPOR 1/2 T3 1490X152X35 PNL TRIBECA 62.99
607002181,ISOPOR 1/2 T3 310X150X25 PNL TRIBECA 62.99
607002182,ISOPOR 1/2 T5 MOD 365X152X80 50/30 PNL TRIB 62.99
607002183,ISOPOR 1/2 T3 MOD 150X70X30 PNL TRIBECA 62.99
607002184,ISOPOR 1/2 T3 1560X140X7 PNL TRIBECA 62.99
607002185,ISOPOR 1/2 T3 300X200X25 PNL TRIBECA 62.99
607002186,ISOPOR 1/2 T3 1560X300X20 PNL TRIBECA 62.99
607002197,ISOPOR 1/1 T3 900X400X20 RACK TRIBECA 35.43
607002198,ISOPOR 1/1 T3 550X245X50 RACK TRIBECA 35.43
607002199,ISOPOR 1/1 T5 MOD 465X154X80 P50/30 R TRIB35.43
607002201,ISOPOR 1/1 T3 550X145X8 RACK TRIBECA 35.43
607002202,ISOPOR 1/1 T3 350X60X16 RACK TRIBECA 35.43
607002203,ISOPOR 1/1 T3 840X154X35 RACK TRIBECA 35.43
607002204,ISOPOR 1/1 T3 900X450X20 PNL TRIBECA 35.43
607002205,ISOPOR 1/1 T3 150X98X30 PNL TRIBECA 35.43
607002206,ISOPOR 1/1 T3 720X125X30 PNL TRIBECA 35.43
607002207,ISOPOR 1/1 T5 MOD 512X110X80 P50/30 PNL TRIB 35.43
607002208,ISOPOR 1/1 T3 840X110X35 PNL TRIBECA 35.43
607002226,ISOPOR 1/1 RC 220X85X30 CAFE ACONCHEGO
607002227,ISOPOR 1/1 RC 805X70X30 BAR LEBLON
607002228,ISOPOR 1/1 RC 480X100X60 BAR LEBLON
607002230,ISOPOR 1/1 RC 680X65X30 BAR LEBLON
607002231,ISOPOR 1/1 RC 475X130X15 BAR LEBLON
607002234,ISOPOR 1/2 T3 355X150X55 PNL TRIBECA 62.99
607002235,ISOPOR 1/2 T3 590X25X15 PNL TRIBECA 62.99
607002243,ISOPOR 1/2 RC 700X25X25 CENTRO LUNA 670
607002244,ISOPOR 1/2 RC 560X25X25 APOIO LUNA 530
607002245,ISOPOR 1/2 RC 470X25X25 LATERAL LUNA 440
607002248,ISOPOR 2/2 270 X 155 X 15 REC RACK ITALIA
607002252,ISOPOR 1/1 RC 580X130X25 PAINEL ITALIA
607002253,ISOPOR 1/1 T1 1220X320X15 PAINEL ITALIA
607002254,ISOPOR 1/2 RC 445X95X88 CAMARIM STRASS
607002256,ISOPOR 2/2 RC 1030X680X15 CAMARIM STRASS
607002259,ISOPOR 1/2 T1 MOD 450X303X45 CAMARIM STRASS BANCO
607002260,ISOPOR 1/2 RC 1590X35X15 SUBLIME
607002261,ISOPOR 2/2 RC 1800X115X15 SUBLIME
607002262,ISOPOR 2/2 RC 400X75X15 SUBLIME
607002268,ISOPOR 1/2 RC 815X240X15 TREND
607002271,ISOPOR 2/2 T1 1350X680X10 CAMARIM ELOA
607002273,ISOPOR 2/2 RC 250X160X15 CAMARIM ELOA
607002274,ISOPOR 1/2 RC 490X230X15 CAMARIM MEL
607002276,ISOPOR 2/2 T1 930X680X10 CAMARIM MEL
607002277,ISOPOR 2/2 RC 315X195X15 CAMARIM MEL
607002279,ISOPOR 1/1 RC 400X60X30 BRITO
607002280,ISOPOR 1/1 RC 650X145X15 BRITO
607002281,ISOPOR 1/1 T3 400X80X20 BRITO
607002282,ISOPOR 1/1 RC 400X120X45 BRITO
607002307,ISOPOR 1/1 T3 940X190X35 SAPATEIRA HAMPTON
607002308,ISOPOR 1/1 T3 330X330X10 SAPATEIRA HAMPTON
607002309,ISOPOR 1/1 T3 1000X195X32 SAP/APA HAMPTON
607002310,ISOPOR 1/1 T3 1000X200X10 SAPATEIRA HAMPTON
607002311,ISOPOR 1/1 T5 MOD 605X190X80 P50/30 SAP HAMP
607002312,ISOPOR 1/1 T3 1000X540X20 SAP/APA HAMPTON
607002313,ISOPOR 1/1 T3 1000X20X17 SAPATEIRA HAMPTON
607002321,ISOPOR 1/1 T3 500X67X17 ESCRI HAMPTON 53.54
607002322,ISOPOR 1/1 T5 MOD 605X135X80 50/30 ESCRI HAMP 35.3
607002323,ISOPOR 1/1 T3 900X270X45 ESCRI HAMPTON 35.43
607002324,ISOPOR 1/1 T3 400X270X17 ESCRI HAMPTON 35.43
607002325,ISOPOR 1/1 T3 900X70X50 ESCRI HAMPTON 35.43
607002326,ISOPOR 1/1 T3 900X540X20 ESCRI HAMPTON 35.43
607002327,ISOPOR 1/1 T3 840X135X35 ESCRI HAMPTON 35.43
607002328,ISOPOR 1/2 T3 630X46X30 ARMARIO HAMPTON
607002329,ISOPOR 1/2 T3 690X150X35 ARMARIO HAMPTON
607002330,ISOPOR 1/2 T3 540X70X16 ARMARIO HAMPTON
607002331,ISOPOR 1/2 T3 750X550X20 ARMARIO HAMPTON
607002332,ISOPOR 1/2 T5 MOD 618X150X80 50/30 ARMARIO HAMPT
607002333,ISOPOR 1/2 T3 485X110X10 ARMARIO HAMPTON
607002334,ISOPOR 2/2 T3 1320X108X35 ARMARIO HAMPTON
607002335,ISOPOR 1/2 T3 120X80X65 ARMARIO HAMPTON
607002336,ISOPOR 2/2 T5 MOD 585X108X80 50/30 ARMARIO HAMPTON
607002337,ISOPOR 2/2 T3 1386X520X20 ARMARIO HAMPTON
607002353,ISOPOR 1/1 T3 380X350X20 RACK TRIBECA 35.43
607002355,ISOPOR 2/2 T3 1600X540X20 PNL TRIBECA 62.99
607002356,ISOPOR 2/2 T3 1540X85X35 PNL TRIBECA 62.99
607002357,ISOPOR 2/2 T5 MOD 605X85X80 50/30 PNL TRIBECA 62.9
607002361,ISOPOR 1/1 T3 800X150X7 PNL TRIBECA 35.43
607002362,ISOPOR 1/1 T3 MOD 900X450X10 PNL TRIBECA 35.43
607002363,ISOPOR 1/1 T3 150X25X25 SAPATEIRO HAMPTON
607002364,ISOPOR 1/1 T3 630X47X20 SAPATEIRO HAMPTON
607002365,ISOPOR 1/1 T3 540X315X16 SAPATEIRO HAMPTON
607002366,ISOPOR 1/1 T3 540X47X47 SAPATEIRO HAMPTON
607002367,ISOPOR 1/1 T3 330X315X62 SAPATEIRO HAMPTON
607002378,ISOPOR 2/2 T3 820X185X30 ARMARIO HAMPTON
607002379,ISOPOR 2/2 T3 550X40X30 ARMARIO HAMPTON
607002380,ISOPOR 2/2 T3 1385X190X8 ARMARIO HAMPTON
607002381,ISOPOR 2/2 T3 520X60X15 ARMARIO HAMPTON
607002399,ISOPOR 1/1 RC 750X90X90 ARMARIO PRISM
607002400,ISOPOR 1/1 RC 565X410X43 ARMARIO PRISM
607002401,ISOPOR 1/1 RC 630X130X17 ARMARIO PRISM
607002403,ISOPOR 1/1 T1 420X140X23 ARMARIO PRISM
607002404,ISOPOR 1/1 T1 420X160X20 BALCAO PRISM
607002408,ISOPOR 1/1 RC 530X500X15 ESCRIVANINHA PRISM
607002410,ISOPOR 1/1 RC 620X530X15 ESCRIVANINHA PRISM
607002411,ISOPOR 1/1 RC 600X95X45 ESCRIVANINHA PRISM
607002413,ISOPOR 1/1 RC 750X245X45 ESCRIVANINHA PRISM
607002414,ISOPOR 1/1 T3 550X95X23 ESCRIVANINHA PRISM
607002417,ISOPOR 1/1 T3 445X160X23 CAFE ACONCHEGO
607002418,ISOPOR 1/1 T1 960X110X14 ATRAENTE
607002419,ISOPOR 1/1 T1 960X35X14 ATRAENTE
607002420,ISOPOR 1/1 T1 530X460X12 ATRAENTE
607002421,ISOPOR 1/1 T1 960X295X32 ATRAENTE
607002423,ISOPOR 1/1 T1 410X170X60 BALCAO PRISM
607002424,ISOPOR 1/1 RC MOD 360X150X60 BALCAO PRISM
607002425,ISOPOR 1/1 RC 370X110X30 BALCAO PRISM
607002427,ISOPOR 1/1 RC 390X180X15 APARADOR SELLER
607002429,ISOPOR 1/1 T3 415X120X23 SPACE
607002430,ISOPOR 1/1 RC 320X155X55 ARMARIO PRISM
607002431,ISOPOR 1/1 RC MOD 250X75X55 BALCAO/ARMARIO PRISM
607002432,ISOPOR 1/2 T1 240X150X55 MASCAVO
607002433,ISOPOR 1/1 T1 330X145X20 MADERO
607002434,ISOPOR 1/1 T1 680X130X12 MADERO
607002435,ISOPOR 1/1 T1 330X260X15 MADERO
607002436,ISOPOR 1/1 T1 330X150X15 MADERO
607002437,ISOPOR 1/1 T3 410X75X23 PAINEL PRISM 1.4/1.6
607002438,ISOPOR 1/1 RC 1145X100X45 PAINEL PRISM 1.6
607002439,ISOPOR 1/1 RC MOD 560X300X15 PAINEL PRISM 1.8
607002440,ISOPOR 1/1 T3 380X115X20 RACK PRISM 1.4/1.6/1.8
607002441,ISOPOR 1/1 RC 300X110X15 RACK PRISM 1.4
607002442,ISOPOR 1/1 T1 595X150X30 RACK PRISM 1.4
607002443,ISOPOR 1/1 T1 1100X130X25 RACK PRISM 1.4
607002444,ISOPOR 1/1 RC 340X160X25 RACK PRISM 1.4
607002447,ISOPOR 1/1 T1 1030X115X25 RACK PRISM 1.6
607002448,ISOPOR 1/1 RC 1330X140X25 RACK PRISM 1.6
607002449,ISOPOR 1/1 RC MOD 290X75X25 RACK PRISM 1.6
607002450,ISOPOR 1/1 T3 400X115X23 RACK PRISM 1.8
607002451,ISOPOR 1/1 RC 185X115X25 RACK PRISM 1.8
607002452,ISOPOR 1/1 RC 560X180X25 RACK PRISM 1.8
607002454,ISOPOR 1/1 RC 910X100X45 PNL PRISM 1.4
607002455,ISOPOR 1/1 RC 155X200X30 PAINEL PRISM 1.4
607002456,ISOPOR 1/1 RC 445X155X30 PAINEL PRISM 1.6
607002457,ISOPOR 1/1 T3 450X60X23 PAINEL PRISM 1.8
607002458,ISOPOR 1/1 T3 450X90X23 BOMBE PREMIER
607002460,ISOPOR 1/1 RC 515X50X20 PAINEL TOPAZIO/SIRIUS 1.4
607002461,ISOPOR 1/1 T1 400X75X20 RACK TOPAZIO
607002462,ISOPOR 1/1 RC 450X55X20 PAINEL YAN/SIRIUS 0.9
607002463,ISOPOR 1/1 T3 400X90X20 RACK YAN
607002464,ISOPOR 1/1 RC 400X60X40 RACK YAN
607002465,ISOPOR 1/2 T3 440X145X23 CAMARIM ELOA
607002466,ISOPOR 1/2 RC 550X80X18 CAMARIM ELOA
607002467,ISOPOR 1/2 RC 340X60X18 CAMARIM ELOA
607002468,ISOPOR 1/1 RC 410X335X75 SPACE
607002469,ISOPOR 1/1 RC 410X100X30 SPACE
607002470,ISOPOR 1/2 T1 425X130X20 CAMARIM MEL
607002471,ISOPOR 1/2 T1 285X105X20 SUBLIME
607002472,ISOPOR 2/2 T1 515X60X20 SUBLIME
607002473,ISOPOR 1/1 RC 680X115X25 CENTRO PRISM/LAILA
607002474,ISOPOR 1/1 RC 580X275X25 CENTRO PRISM/LAILA
607002476,ISOPOR 1/1 T3 530X50X23 CENTRO PRISM/LAILA
607002477,ISOPOR 1/1 RC 900X50X15 CENTRO PRISM/LAILA
607002478,ISOPOR 1/1 RC 450X150X80 NICHO MILLION
607002479,ISOPOR 1/1 T1 295X155X20 NICHO MILLION
607002481,ISOPOR 1/1 T3 430X150X23 SPAZIO
607002482,ISOPOR 1/1 RC 900X120X35 SPAZIO
607002483,ISOPOR 1/1 T1 450X140X20 DALILA NEW
607002484,ISOPOR 1/2 T1 540X45X20 ADRYAN
607002486,ISOPOR 2/2 T1 325X95X20 ADRYAN
607002489,ISOPOR 2/2 T3 680X45X20 CAMARIM STRASS
607002490,ISOPOR 1/2 T1 360X90X20 LISBOA
607002491,ISOPOR 2/2 T1 460X20X20 LISBOA
607002492,ISOPOR 2/2 RC 460X30X18 LISBOA
607002493,ISOPOR 2/2 T3 680X60X20 CAMARIM ELOA
607002494,ISOPOR 1/1 T1 MOD 510X510X50 LATERAL BAIXA LINS
607002495,ISOPOR 1/1 T1 MOD 255X255X25 LAT BAIXA LINS
607002496,ISOPOR 1/1 T1 MOD 595X595X50 LATERAL ALTA LINS
607002497,ISOPOR 1/1 T1 MOD 297X297X25 LATERAL ALTA LINS
607002498,ISOPOR 1/1 T1 MOD 645X645X50 CENTRO BAIXA LINS
607002499,ISOPOR 1/1 T1 MOD 322X322X25 CENTRO BAIXA LINS
607002500,ISOPOR 1/1 T1 MOD 740X740X50 CENTRO ALTA LINS
607002501,ISOPOR 1/1 T1 MOD 370X370X25 CENTRO ALTA LINS
607002503,ISOPOR 1/1 T1 MOD 240X220X15 LATERAL BAIXA STAR
607002504,ISOPOR 1/1 T1 MOD 315X220X15 LATERAL ALTA STAR
607002509,ISOPOR 1/1 T1 MOD 670X670X45 LAT ALTA SUPREME
607002514,ISOPOR 1/2 T1 380X135X22 CRISTALEIRA SELLER
607002515,ISOPOR 2/2 T1 370X70X22 CRISTALEIRA SELLER
607002516,ISOPOR 2/2 RC 370X75X40 CRISTALEIRA SELLER
607002517,ISOPOR 1/1 T1 480X150X20 BAR LEBLON
607002523,ISOPOR 1/1 T5 450X60X30 PNL MARSELHA 1.8
607002524,ISOPOR 1/1 T1 MOD 560X300X15 PNL MARSELHA 1.8
607002525,ISOPOR 1/1 T5 410X75X30 PNL MARSELHA 1.6
607002526,ISOPOR 1/1 RC 1430X100X45 PNL MARSELHA 1.6
607002527,ISOPOR 1/1 RC 160X90X30 PNL MARSELHA 1.6
607002528,ISOPOR 1/1 T1 MOD 560X150X15 PNL MARSELHA 1.6
607002529,ISOPOR 1/1 T5 410X75X30 PNL MARSELHA 1.36
607002530,ISOPOR 1/1 RC 450X100X15 PNL MARSELHA 1.36
607002531,ISOPOR 1/1 RC 160X90X30 PNL MARSELHA 1.36
607002532,ISOPOR 1/1 RC 910X100X45 PNL MARSELHA 1.36
607002533,ISOPOR 1/1 T5 385X105X30 RACK MARSELHA 1.36
607002534,ISOPOR 1/1 RC 610X380X15 RACK MARSELHA 1.36
607002535,ISOPOR 1/1 RC 300X270X20 RACK MARSELHA 1.36
607002536,ISOPOR 1/1 T5 385X120X30 RACK MARSELHA 1.6/1.8
607002537,ISOPOR 1/1 RC 970X380X15 RACK MARSELHA 1.6
607002538,ISOPOR 1/1 RC 300X270X20 RACK MARSELHA 1.6/1.8
607002540,ISOPOR 1/1 RC 760X380X15 RACK MARSELHA 1.8
607002541,ISOPOR 1/1 T1 385X110X20 VERSATIL
607002542,ISOPOR 2/2 T1 425X75X20 JUMA NEW
607002543,ISOPOR 1/2 T1 450X135X20 JUMA NEW
607002544,ISOPOR 1/1 T3 450X85X20 COMP MILLION
607002546,ISOPOR 2/2 T1 680X40X20 CAMARIM MEL
607002547,ISOPOR 1/1 RC 360X60X55 RACK MARSELHA 1.4
607002548,ISOPOR 1/1 T1 MOD 355X355X25 CENTRO SUPREME
607002549,ISOPOR 1/1 T1 MOD 710X170X65 CENTRO SUPREME
607002550,ISOPOR 1/1 RC 710X165X65 CENTRO SUPREME
607002551,ISOPOR 1/1 T1 MOD 665X190X95 LAT ALTA SUPREME
607002552,ISOPOR 1/1 T1 MOD 335X335X25 LAT ALTA SUPREME
607002553,ISOPOR 1/1 RC 655X115X95 LAT ALTA SUPREME
607002555,ISOPOR 1/1 T1 MOD 255X255X25 LAT BAIXA SUPREME
607002556,ISOPOR 1/1 T1 MOD 510X155X95 LAT BAIXA SUPREME
607002557,ISOPOR 1/1 RC 500X95X75 LAT BAIXA SUPREME
607002558,ISOPOR 1/2 T5 320X135X30 TREND
607002559,ISOPOR 1/2 T1 1590X135X15 TREND
607002560,ISOPOR 1/2 RC 400X35X15 TREND
607002561,ISOPOR 1/2 RC 1220X55X50 TREND
607002562,ISOPOR 1/2 RC 360X290X30 TREND
607002563,ISOPOR 1/2 RC 290X30X15 TREND
607002565,ISOPOR 1/2 T1 MOD 240X155X25 TREND
607002566,ISOPOR 1/2 T1 MOD 290X80X15 TREND
607002567,ISOPOR 2/2 T5 500X45X30 TREND
607002569,ISOPOR 2/2 RC 290X30X12 CAMARIM STRASS
607002570,ISOPOR 2/2 T1 MOD 1032X287X12 CAMARIM STRASS
607002571,ISOPOR 1/1 RC 400X50X30 VERO
607002572,ISOPOR 1/1 T1 225X45X60 VERO
607002573,ISOPOR 1/1 T1 510X60X15 VERO
607002574,ISOPOR 1/1 T1 400X175X12 VERO
607002575,ISOPOR 1/1 T3 405X130X23 VERO
607002576,ISOPOR 1/1 T1 MOD 400X160X12 VERO
607002583,ISOPOR 1/1 T1 280X280X20 BUFFET 4 PT PRISM
607002584,ISOPOR 1/1 T1 400X80X80 BUFFET 4 PT PRISM
607002585,ISOPOR 1/1 T1 420X125X20 BUFFET 4 PT PRISM
607002586,ISOPOR 1/1 T1 270 X 140 X 80 BUFFET 2 PT PRISM
607002587,ISOPOR 1/1 T1 410X220X15 BUFFET 2 PT PRISM
607002589,ISOPOR 1/1 T3 420X135X23 BUFFET 2 PT PRISM
607002590,ISOPOR 1/1 RC 370X200X20 BILL
607002592,ISOMANTA 1/1 460X410X0.05 MESA CABECEIRA BILL
607002593,ISOPOR 1/1 T1 200X80X25 LATERAL PRISM
607002594,ISOPOR 1/1 T3 530X50X23 LATERAL PRISM
607002595,ISOPOR 1/1 T1 490X50X20 LATERAL PRISM
607002596,ISOPOR 1/1 T1 530X130X25 LATERAL PRISM
607002597,ISOPOR 1/1 T1 400X135X15 TURIM
607002598,ISOPOR 1/1 T1 340X150X15 TURIM
607002599,ISOPOR 1/1 RC 600X380X10 BUF 3 PT PARIS/PRIME/JADE
607002600,ISOPOR 1/1 T1 350X115X25 BUF 3 PT PARIS/PRIME/JADE
607002601,ISOPOR 1/1 RC 400X90X90 BAR LONDRES
607002602,ISOPOR 1/1 T1 MOD 260X260X25 CONJ 2 MESA SLIM
607002603,ISOPOR 1/1 T1 MOD 285X285X50 CONJ 2 MESA SLIM
607002604,ISOPOR 1/1 RC 400X60X50 CONJ 2 MESA SLIM
607002606,ISOPOR 1/1 RC 620X320X15 ENCANTO C/PE
607002607,ISOPOR 1/1 RC 320X120X50 BUFFET 2 PT PIX
607002608,ISOPOR 1/1 RC 600X90X40 BUFFET 2 PT PARIS
607002609,ISOPOR 1/1 RC 430X300X12 BUFFET 2 PT PARIS
607002610,ISOPOR 1/1 RC 250X250X12 PAINEL OTTO
607002611,ISOPOR 1/1 RC 500X90X15 PAINEL OTTO
607002612,ISOPOR 1/1 RC 120X70X63 LOUISE
607002613,ISOPOR 1/1 RC 450X85X63 LOUISE
607002614,ISOPOR 1/1 RC 1180X560X12 CAMARIM DIAMANTE
607002615,ISOPOR 1/1 RC 400X220X30 CAMARIM DIAMANTE
607002616,ISOPOR 1/1 RC 300X140X45 CAMARIM DIAMANTE
607002617,ISOPOR 1/1 RC 360X60X20 SAPATEIRA HALL
607002618,ISOPOR 1/1 RC 400X350X20 SAPATEIRA HALL
607002619,ISOPOR 1/1 RC 440X410X20 CHARLOTTE
607002620,ISOPOR 1/1 RC 410X240X55 CHARLOTTE
607002621,ISOPOR 1/1 RC 580X230X40 CHARLOTTE
607002623,ISOPOR 1/1 RC 410X95X40 CHARLOTTE
607002624,ISOPOR 1/1 T1 570X330X17 ASSENTO CHARLOTTE
607002625,ISOPOR 1/1 T1 570X170X17 ENCOSTO SAPATEIRA CHARLO
607002626,ISOPOR 1/1 T1 472X372X27 ASSENTO HALL
607002628,ISOPOR 1/1 RC 600X380X15 DIJON
607002629,ISOPOR 1/1 RC 340X220X45 CAMARIM DIAMANTE
607002630,ISOPOR 1/1 RC 560X240X18 ASTRAL
607002631,ISOPOR 1/1 RC 1360X330X18 ASTRAL
607002633,ISOPOR 1/1 RC 290X220X18 PNL LIFE 1.36
607002634,ISOPOR 1/1 RC MOD 1220X450X18 PNL LIFE 1.36
607002635,ISOPOR 1/1 RC 455X120X18 APARADOR LIFE 1.36
607002636,ISOPOR 1/1 RC 210X150X48 APARADOR LIFE 1.36
607002637,ISOPOR 1/1 RC 880X175X18 APARADOR LIFE 1.36
607002638,ISOPOR 1/1 RC 300X200X18 PNL LIFE 1.8
607002639,ISOPOR 1/1 RC 160X160X15 PNL LIFE 1.8
607002640,ISOPOR 1/1 T1 MOD 1800X450X12 PNL LIFE 1.8
607002641,ISOPOR 1/1 RC 1000X120X18 APARADOR LIFE 1.8
607002642,ISOPOR 1/1 RC 360X150X48 APARADOR LIFE 1.8
607002643,ISOPOR 1/1 RC 1160X175X18 APARADOR LIFE 1.8
607002644,ISOPOR 1/1 RC 275X275X10 BUFFET VENEZA
607002645,ISOPOR 1/2 RC 600X70X50 COMODA SAPATEIRA DUBAI
607002646,ISOPOR 1/2 RC 600X165X15 COMODA SAPATEIRA DUBAI
607002649,ISOPOR 2/2 RC 670X85X18 COMODA SAPATEIRA DUBAI
607002650,ISOPOR 2/2 RC 465X70X35 COMODA SAPATEIRA DUBAI
607002651,ISOPOR 1/1 RC 400X120X45 BUFFET CAJUEIRO
607002652,ISOPOR 1/1 RC 230X230X48 BALCAO MULTIUSO THOR
607002653,ISOPOR 1/1 RC 250X130X93 LIVREIRO ESTANTE M THOR
607002654,ISOPOR 1/1 RC 545X55X18 PAINEL INTENSE
607002655,ISOPOR 1/1 RC 390X65X65 BUFFET CLASSIC
607002656,ISOPOR 1/1 RC 210X150X60 BUFFET CLASSIC
607002657,ISOPOR 1/1 RC 390X135X18 BUFFET CLASSIC
607002658,ISOPOR 1/2 RC 120X90X55 BERCO GOLDEN
607002659,ISOPOR 1/1 RC 300X70X48 ARMARIO JESSICA
607002660,ISOPOR 1/1 RC 680X65X18 CANTINHO CAFE SIENA
607002661,ISOPOR 1/1 RC 390X200X18 CANTINHO CAFE SIENA
607002662,ISOPOR 1/1 RC 430X140X65 CANTINHO CAFE SIENA
607002663,ISOPOR 1/1 RC 390X135X23 CANTINHO CAFE SIENA
607002665,ISOPOR 1/1 RC 520X170X15 ESRIVANINHA TAURUS
607002666,ISOPOR 1/1 RC 540X135X18 ESCRIVANINHA TAURUS
607002667,ISOPOR 1/1 RC 230X230X35 ESCRIVANINHA TAURUS
607002668,ISOPOR 1/1 T1 MOD 470X175X35 ESCRIVANINHA TAURUS
607002669,ISOPOR 1/1 RC 330X60X30 LIVREIRO TAURUS
607002670,ISOPOR 1/1 RC 330X160X15 LIVREIRO TAURUS
607002671,ISOPOR 1/1 RC 350X100X20 LIVREIRO TAURUS
607002673,ISOPOR 1/1 T1 545X80X23 ESCRIVANINHA TAURUS
607002674,ISOPOR 1/1 RC 530X360X33 ESCRIVANINHA BELLA
607002675,ISOPOR 1/1 RC 450X95X33 ESCRIVANINHA BELLA
607002676,ISOPOR 1/1 RC 450X75X23 ESCRIVANINHA BELLA
607002677,ISOPOR 1/2-1/3 RC 400X65X17 SUPREMO 2.3
607002678,ISOPOR 1/2-1/3 RC 480X50X23 SUPREMO 1.8
607002679,ISOPOR 2/2-2/3 RC 2500X35X15 SUPREMO 2.3
607002680,ISOPOR 2/2-2/3 RC 470X75X23 SUPREMO 2.3/1.8
607002681,ISOPOR 1/2-1/3 RC 1000X40X25 SUPREMO 2.3
607002682,ISOPOR 1/3 RC 1530X160X28 HOME ANTARES 1.8
607002683,ISOPOR 1/3 RC 320X90X28 HOME ANTARES 1.8
607002684,ISOPOR 1/3 RC 475X80X23 HOME ANTARES 1.8
607002685,ISOPOR 2/3 RC 1800X25X15 HOME ANTARES 1.8
607002686,ISOPOR 2/3 RC 480X75X23 HOME SUSP SUPREMO 1.8
607002687,ISOPOR 3/3 RC 315X210X30 HOME SUPREMO 2.3
607002688,ISOPOR 3/3 RC 610X125X17 HOME SUPREMO 2.3
607002689,ISOPOR 3/3 RC 320X42X17 HOME SUPREMO 2.3
607002690,ISOPOR 3/3 RC 1960X42X17 HOME SUPREMO 2.3
607002691,ISOPOR 3/3 RC 320X65X23 HOME SUPREMO 2.3
607002692,ISOPOR 1/2 RC 410X265X27 PAINEL/HOME SUPREMO 1.8
607002693,ISOPOR 1/2 RC 475X80X23 ANTARES/SUPREMO 1.8/2.3
607002694,ISOPOR 2/2 2500X35X15 PAINEL/HOME SUPREMO 1.8
607002695,ISOPOR 2/3 RC 475X50X23 HOME ANTARES 1.8
607002696,ISOPOR 1/2 RC 1000X40X25 PAINEL/HOME SUPREMO 1.8
607002697,ISOPOR 3/3 RC 1560X40X17 HOME SUPREMO/ANTARES 1.8
607002698,ISOPOR 3/3 RC 150X150X17 HOME SUPREMO/ANTARES 1.8
607002699,ISOPOR 3/3 RC 315X170X30 HOME SUPREMO/ANTARES 1.8
607002700,ISOPOR 3/3 RC 320X65X23 HOME SUPREMO/ANTARES 1.8
607002701,ISOPOR 1/1 RC 280X50X50 BUFFET 4 PORTA PRISM
607002702,ISOPOR 1/1 RC 1625X83X20 BUFFET 4 PORTA PRISM
607002703,ISOPOR 1/3 RC 200X120X17 HOME RIPADO ANTARES 1.8
607002704,ISOPOR 1/3 RC 1800X25X15 HOME RIAPDO ANTARES 1.8
607002706,ISOPOR 1/1 RC 270X270X15 RACK NATURE
607002707,ISOPOR 1/1 RC 240X170X65 RACK SHOW
607002708,ISOPOR 1/1 RC 680X670X10 PENTEADEIRA LAURA
607002709,ISOPOR 1/1 T1 670X85X23 PENTEADEIRA LAURA
607002710,ISOPOR 1/1 T1 MOD 640X530X60 MESA LAT DECOR 470
607002711,ISOPOR 1/1 T1 MIOLO 438X438X45 MESA LAT DECOR 470
607002712,ISOPOR 1/1 RC 640X530X30 MESA LAT DECOR 470
607002713,ISOPOR 1/1 T1 MOD 710X620X60 MESA LAT DECOR 560
607002714,ISOPOR 1/1 T1 MIOLO 528X528X45 MESA LAT DECOR 560
607002716,ISOPOR 1/1 RC 710X620X30 MESA LAT DECOR 560
607002717,ISOPOR 1/1 T1 MOD 670X670X60 MESA CENTRO DECOR 600
607002718,ISOPOR 1/1 T1 MIOLO 578X578X45 CENTRO DECOR 600
607002719,ISOPOR 1/1 RC 670X670X30 MESA CENTRO DECOR 600
607002720,ISOPOR 1/1 T1 MOD 760X760X60 MESA CENTRO DECOR 700
607002721,ISOPOR 1/1 T1 MIOLO 668X668X45 CENTRO DECOR 700
607002722,ISOPOR 1/1 RC 760X760X30 MESA CENTRO DECOR 700
607002724,ISOPOR 1/1 RC 1925X185X30 MODULO SUPREMO 0.496
607002725,ISOPOR 1/1 T3 2500X175X30 MODULO SUPREMO 0496/0945
607002727,ISOPOR 1/1 T3 1700X115X17 MODULO SUPREMO 0.496
607002728,ISOPOR 1/1 T3 475X55X23 MODULO SUPREMO 0.496
607002729,ISOPOR 1/1 RC 1500X185X30 MODULO SUPREMO 0.495
607002730,ISOPOR 1/1 T3 800X115X17 MODULO SUPREMO 0.946
607002731,ISOPOR 1/1 T3 475X80X23 MODULO SUPREMO 0.495
607002732,ISOPOR 1/1 RC 270X190X37 RACK SIRIUS 0.9
607002733,ISOPOR 1/1 T1 380X110X23 RACK SIRIUS 0.9
607002734,ISOPOR 1/1 RC 300X160X20 RACK SIRIUS 1.4/1.6
607002735,ISOPOR 1/1 RC 270X135X20 RACK SIRIUS 1.4
607002736,ISOPOR 1/1 T1 380X95X23 RACK SIRIUS 1.4/1.6
607002737,ISOPOR 1/1 RC 380X95X17 RACK SIRIUS 1.6
607002738,ISOPOR 1/1 RC 270X240X20 RACK SIRIUS 1.6
607002739,ISOPOR 1/1 RC 380X200X17 RACK SIRIUS 1.6
607002740,ISOPOR 1/2 T1 430X70X23 PAINEL DELTA 2.3
607002741,ISOPOR 2/2 T1 430X75X23 PAINEL DELTA 2.3/1.8
607002742,ISOPOR 2/2 RC 1525X200X27 PAINEL DELTA 2.3/1.8
607002743,ISOPOR 1/2 T1 430X55X23 PAINEL DELTA 1.8
607002744,ISOPOR 1/2 RC 710X235X27 PAINEL DELTA 1.8
607002745,ISOPOR 1/2 RC 430X120X27 PAINEL DELTA 1.8
607002746,ISOPOR 1/1 RC 410X90X32 PAINEL SIRIUS 1.6
607002747,ISOPOR 1/1 RC 250X250X32 PAINEL SIRIUS 1.6
607002748,ISOPOR 1/1 T1 540X60X23 PAINEL SIRIUS 1.6
607002749,ISOPOR 1/2 RC 130X90X55 ROUPEIRO GOLDEN
607002750,ISOPOR 2/2 RC 640X75X17 ROUPEIRO GOLDEN
607002751,ISOPOR 2/2 RC 820X140X32 ROUPEIRO GOLDEN
607002752,ISOPOR 2/2 RC 890X40X32 ROUPEIRO GOLDEN
607002753,ISOPOR 2/2 RC 430X130X32 ROUPEIRO GOLDEN
607002754,ISOPOR 1/1 RC 910X30X17 COMODA GOLDEN
607002755,ISOPOR 1/1 RC 600X210X17 COMODA GOLDEN
607002756,ISOPOR 1/1 RC 295X65X30 COMODA GOLDEN
607002757,ISOPOR 1/1 RC 680X65X65 PENTEADEIRA LAURA
607002758,ISOPOR 1/1 RC 630X120X60 EXPOSITOR RETO
607002759,ISOPOR 1/1 RC 500X185X50 EXPOSITOR RETO
607002760,ISOPOR 1/2 RC 455X455X27 EXPOSITOR U
607002761,ISOPOR 1/1 T1 380X120X23 APARADOR VEGAS
607002762,ISOPOR 1/1 RC 450X50X15 ESRIVANINHA GAMER
607002763,ISOPOR 1/1 RC 330X240X32 ESCRIVANINHA GAMER
607002764,ISOPOR 1/1 T1 1340X100X18 ESCRIVANINHA GAMER
607002765,ISOPOR 1/1 T1 1340X200X18 ESCRIVANINHA GAMER
607002767,ISOPOR 1/1 T1 450X90X23 ESCRIVANINHA GAMER
607002768,ISOPOR 1/1 RC 480X75X18 PAINEL MILAO
607002769,ISOPOR 1/1 RC 335X90X20 MULTIUSO RYAN
607002770,ISOPOR 1/1 RC 285X80X20 MULTIUSO CAUE
607002771,ISOPOR 1/1 RC 275X275X20 BUFFET 3 PT PRISM
607002772,ISOPOR 1/1 RC 1000X80X15 BUFFET 3 PT PRISM
607002773,ISOPOR 1/1 T1 415X125X20 BUFFET 3 PT PRISM
607002774,ISOPOR 2/2 RC 335X35X35 CRISTALEIRA FLIP
607002775,ISOPOR 2/2 T1 415X75X20 CRISTALERIA FLIP
607002776,ISOPOR 2/2 RC 900X35X35 CRISTALEIRA FLIP
607002777,ISOPOR 1/2 T1 370X90X20 CRISTALEIRA FLIP
607002778,ISOPOR 1/2 RC 440X440X15 BUFFET FLIP 1.8
607002779,ISOPOR 1/2 T3 440X95X55 BUFFET FLIP 1.8
607002780,ISOPOR 1/2 T1 445X100X20 BUFFET FLIP 1.8
607002781,ISOPOR 2/2 T1 415X90X20 BUFFET FLIP 1.8
607002782,ISOPOR 1/2 RC 600X135X15 BUFFET FLIP 1.6
607002783,ISOPOR 1/2 T1 445X105X20 BUFFET FLIP 1.6
607002784,ISOPOR 2/2 T1 380X90X20 BUFFET FLIP 1.6
607002785,ISOPOR 1/1 RC 345X120X65 RACK FLIP 2.2
607002786,ISOPOR 1/1 T1 380X105X20 RACK FLIP 2.2
607002787,ISOPOR 1/1 T1 380X100X20 RACK FLIP 1.8
607002788,ISOPOR 1/2 T3 MOD 370X200X47 CRISTALEIRA ORION
607002789,ISOPOR 1/2 T1 370X85X20 CRISTALEIRA ORION
607002790,ISOPOR 2/2 T1 380X90X20 CRISTALEIRA ORION
607002791,ISOPOR 1/1 RC 1060X40X40 MESA GAMER GTX/ENCANTO
607002792,ISOPOR 1/1 T1 MOD 540X300X60 MESA GTX/ENCANTO
607002793,ISOPOR 1/1 T1 540X75X20 MESA GAMER GTX/ENCANTO
607002794,ISOPOR 1/1 RC 570X175X30 ARMARIO GAMER GTX/ENCANTO
607002795,ISOPOR 1/1 RC 300X140X45 ARMARIO GAMER GTX/ENCANTO
607002796,ISOPOR 1/1 T1 320X90X20 ARMARIO GAMER GTX/ENCANTO
607002797,ISOPOR 1/1 T1 MOD 380X235X25 CANTINHO CAFE AURORA
607002798,ISOPOR 1/1 T1 380X160X20 CANTINHO DO CAFE AURORA
607002799,ISOPOR 1/1 RC 380X120X15 CANTINHO DO CAFE AURORA
607002800,ISOPOR 1/1 RC 300X60X45 MESA CABECEIRA MAVIE
607002801,ISOPOR 1/1 T1 MOD 536X222X63 MESA CENTRO SLIM
607002802,ISOPOR 1/1 T1 MOD S/MIOLO 535X535X25 CONJ SLIM
607002803,ISOPOR 1/1 T1 MOD TRIANGULO 425X375X45 CONJ SLIM
607002804,ISOPOR 1/1 RC 1700X75X15 RACK JOAQUIM
607002805,ISOPOR 1/1 RC 335X75X15 RACK JOAQUIM
607002806,ISOPOR 1/1 T1 640X50X20 CABECEIRA VIENA
607002807,ISOPOR 1/2 RC 480X150X15 EXPOSITOR PATRIMAR II
607002808,ISOPOR 1/1 T1 MOD 760X760X45 MESA CENTRO DECOR 700
607002809,ISOPOR 1/1 T1 MOD 670X670X45 MESA CENTRO DECOR 600
607002810,ISOPOR 1/1 T1 MIOLO 635X375X20 CENTRO DECOR 700
607002811,ISOPOR 1/1 T1 MIOLO 565X305X20 CENTRO DECOR 600
607002812,ISOPOR 1/1 RC 670X250X50 MESA CENTRO EVOLUTION
607002813,ISOPOR 1/1 RC 590X250X50 MESA CENTRO EVOLUTION
607002814,ISOPOR 1/1 RC 450X105X53 MESA APOIO EVOLUTION
607002815,ISOPOR 1/1 RC 470X200X80 MESA APOIO EVOLUTION
607002816,ISOPOR 1/1 RC 350X105X20 MESA LATERAL EVOLUTION
607002817,ISOPOR 1/1 RC 370X200X80 MESA LATERAL EVOLUTION
607002818,ISOPOR 1/1 RC 675X290X52 MESA CENTRO LUNA 670
607002819,ISOPOR 1/1 RC 595X245X52 MESA CENTRO LUNA 590
607002820,ISOPOR 1/1 RC 605X200X52 MESA APOIO LUNA 530
607002821,ISOPOR 1/1 RC 530X80X25 MESA APOIO LUNA 530
607002822,ISOPOR 1/1 RC 555X160X52 MESA LATERAL LUNA 440
607002823,ISOPOR 1/1 RC 440X115X25 MESA LATERAL LUNA 440
607002824,ISOPOR 1/1 T1 MOD 230X200X45 CONJ SLIM
607002825,ISOPOR 2/2 T1 500X45X20 TREND
607002826,ISOPOR 1/2 T1 290X135X20 TREND
607002827,ISOPOR 1/2 RC 1400X95X30 TREND
607002828,ISOPOR 1/2 RC 500X80X25 TREND
607002829,ISOPOR 1/2 RC 260X140X55 TREND
607002830,ISOPOR 1/1 T1 380X120X20 RACK FLIP 1.6
607002831,ISOPOR 1/1 T1 440X260X63 BUFFET FLIP 0.9
607002832,ISOPOR 1/1 T1 250X250X32 BUFFET FLIP 0.9
607002833,ISOPOR 1/1 T1 445X175X20 BUFFET FLIP 0.9
607002834,ISOPOR 1/1 RC 680X170X35 BUFFET FLIP 1.2
607002835,ISOPOR 1/1 RC 200X100X60 BUFFET FLIP 1.2
607002836,ISOPOR 1/1 RC 445X145X20 BUFFET FLIP 1.2
607002837,ISOPOR 1/2 RC 540X95X15 HOME RIPADO ANTARES 1.4
607002838,ISOPOR 1/2 RC 420X200X28 HOME RIPADO ANTARES 1.4
607002839,ISOPOR 1/2 T1 1800X170X28 HOME RIPADO ANTARES 1.4
607002840,ISOPOR 1/2 T1 475X100X20 HOME RIPADO ANTARES 1.4
607002841,ISOPOR 2/2 T1 315X80X20 HOME RIPADO ANTARES 1.4
607002842,ISOPOR 2/2 RC 440X315X15 HOME RIPADO ANTARES 1.4
607002843,ISOPOR 2/2 T1 315X130X42 HOME RIPADO ANTARES 1.4
607002844,ISOPOR 1/1 RC 1000X115X15 NICHO IMPACTO 1.6/2.0
607002845,ISOPOR 1/1 RC 280X100X15 NICHO IMPACTO 2.0
607002846,ISOPOR 1/1 T1 280X45X20 NICHO IMPACTO 2.0/1.6
607002847,ISOPOR 1/1 RC 280X230X15 NICHO IMPACTO 1.2
607002848,ISOPOR 1/1 T1 295X45X20 NICHO IMPACTO 1.2
607002849,ISOPOR 1/2 T1 1360X145X30 PAINEL RIPADO IMPACTO
607002850,ISOPOR T1 475X75X20 PAINEL RIPADO IMPACTO 2.3/1.8
607002851,ISOPOR 1/2 RC 200X150X20 PAINEL RIPADO IMPACTO
607002852,ISOPOR 1/2 RC 1508X145X30 PAINEL RIPADO IMPACTO
607002853,ISOPOR 1/2 RC 590X150X20 PAINEL RIPADO IMPACTO1.8
607002854,ISOPOR 1/2 T1 475X55X20 PAINEL RIPADO IMPACTO
607002855,ISOPOR 1/2 T1 1620X145X30 PAINEL RIP IMPACTO 1.4
607002856,ISOPOR 1/2 RC 900X110X18 PAINEL RIP IMPACTO 1.4
607002857,ISOPOR 1/2 RC 990X150X20 PAINEL RIP IMPACTO 1.4
607002858,ISOPOR 2/2 T1 475X48X20 PAINEL RIP IMPACTO 1.4
607002859,ISOPOR 1/1 RC 400X45X45 RACK OASIS 1.6
607002860,ISOPOR 1/1 T1 400X120X20 RACK OASIS 1.6/1.8
607002861,ISOPOR 1/1 RC 400X150X60 RACK OASIS 1.8
607002862,ISOPOR 1/2 RC 1620X90X15 HOME ANGEL 1.8
607002863,ISOPOR 1/2 RC 450X150X45 HOME ANGEL 1.8
607002864,ISOPOR 1/2 T1 540X75X20 HOME ANGEL 1.8
607002865,ISOPOR 2/2 RC 300X180X40 HOME ANGEL 1.8
607002866,ISOPOR 2/2 T1 400X115X20 HOME ANGEL 1.8
607002867,ISOPOR 2/2 RC 1800X85X65 HOME ANGEL 1.8
607002868,ISOPOR 1/2 RC 490X350X15 HOME ANGEL 1.6
607002869,ISOPOR 1/2 RC 150X120X45 HOME ANGEL 1.6
607002870,ISOPOR 1/2 T1 540X70X20 HOME ANGEL 1.6
607002871,ISOPOR 2/2 RC 1620X100X55 HOME ANGEL 1.6
607002872,ISOPOR 2/2 T1 400X112X20 HOME ANGEL 1.6
607002873,ISOPOR 1/2-1/3 RC 1670X145X30 SUPREMO 2.3
607002874,ISOPOR 1/2-1/3 RC 490X150X20 SUPREMO 2.3
607002875,ISOPOR 1/2 RC 1808X145X30 PAINEL/HOME SUPREMO 1.8
607002876,ISOPOR 1/2 RC 890X150X20 PAINEL/HOME SUPREMO 1.8
607002877,ISOPOR 1/2 RC 800X110X18 PAINEL/HOME SUPREMO 1.8
607002878,ISOPOR 1/1 RC 2500X150X20 MODULO SUPREMO 0.495
607002879,ISOPOR 1/1 T3 1640X110X18 MODULO SUPREMO 0.946
607002880,ISOPOR 1/1 T3 2100X200X30 MODULO SUPREMO 0496/0945
607002881,ISOPOR 1/1 T3 2100X110X18 MODULO SUPREMO 0.496
607002882,ISOPOR 1/1 T3 2180X200X30 MODULO SUPREMO 496
607002883,ISOPOR 1/1 T1 350X110X20 RACK INTENSE
607002893,ISOPOR 1/1 RC 360X60X35 ESCRIV CANTO MALTA
607002894,ISOPOR 1/1 RC 1095X175X35 ESCRIV CANTO MALTA
607002895,ISOPOR 1/1 T1 540X100X20 ESCRIV CANTO MALTA
607002902,ISOPOR 1/1 T1 370X110X20 SAPATEIRA VIVARE
607002912,ISOPOR 1/1 RC 1100X100X25 PENTEADEIRA EVORA
607002913,ISOPOR 1/1 RC 500X100X25 PENTEADEIRA EVORA
607002914,ISOPOR 1/1 RC 545X50X18 PENTEADEIRA EVORA
607002915,ISOPOR 1/1 RC 450X370X25 PENTEADEIRA EVORA
607002916,ISOPOR 1/1 T1 550X100X20 PENTEADEIRA EVORA
607002919,ISOPOR 1/1 TC 500X70X20 PENTEADEIRA EVORA
607003006,TABULEIRO 1/1 ACOPLADO 700X90 ALINE
607003007,TABULEIRO 1/1 ACOPLADO 800X70 MAGIC NEW
607003008,TABULEIRO 1/2 ACOPLADO 1000X120 JUMA
607003009,TABULEIRO 2/2 ACOPLADO 1000X82 JUMA
607003010,TABULEIRO 460 X 200 X 158 ARIANA 1/1
607003043,TABULEIRO 1/1 ACOPLADO 885X113 CRIADO NEW RUBI
607003045,TABULEIRO 1/2 ACOPLADO 1200X80 DUDA
607003046,TABULEIRO 2/2 ACOPLADO 1200X68 DUDA
607003054,TABULEIRO 1/2 ACOPLADO 1200X85 LIZ
607003055,TABULEIRO 2/2 ACOPLADO 1000X62 LIZ
607003057,TABULEIRO 1/1 ACOPLADO 1390X60 CAB RUBI
607003062,TABULEIRO 1/1 ACOPLADO 895X117 PRINCESA
607003075,TABULEIRO 1/1 SIMPLES 530X430 LAT SKINNY/STAR
607003076,TABULEIRO 1/1 SIMPLES 430X680 APOIO SKINNY/STAR
607003077,TABULEIRO 1/1 SIMPLES 630X630 CENTRO SKINNY/STAR
607003086,TABULEIRO 1/2 SIMPLES 200X115 C/ DOBRA SONOSUAVE
607003087,"PERFIL PAP CARTAO L65/65/5,3 X 1000"
607003090,TABULEIRO 1/1 ACOPLADO 1200X83 ESTRELA
607003091,TABULEIRO 1/1 ACOPLADO 1000X135 APARADOR SELLER
607003094,TABULEIRO 1/1 ACOPLADO 1200X65 ITALIA
607003095,TABULEIRO 1/2 ACOPLADO 1200X105 SUBLIME
607003096,TABULEIRO 1/2 ACOPLADO 1200X140 TREND
607003097,TABULEIRO 1/2 ACOPLADO 1350X150 CAMARIM STRASS
607003110,TABULEIRO 1/1 ACOPLADO 1080X105 ATRAENTE
607003112,TABULEIRO 1/1 SIMPLES 660X660 LAT ALTA SUPREME
607003113,TABULEIRO 1/1 SIMPLES 500X500 LAT BAIXA SUPREME
607003114,TABULEIRO 1/1 SIMPLES 690X690 CENTRO SUPREME
607003116,TABULEIRO 1/1 ACOPLADO 700X127 BUFF 3 PT PARIS/PRI
607003117,TABULEIRO 1/1 ACOPLADO 700X189 BUFFET 2 PT PIX
607003119,TABULEIRO 1/1 ACOPLADO 650X89 OTTO
607003120,TABULEIRO 1/1 ACOPLADO 600X113 LOUISE
607003121,TABULEIRO 1/1 ACOPLADO 650X72 ENCANTO
607003122,TABULEIRO 1/1 ACOPLADO 650X150 BUFFET 2 PT PARIS
607003123,TABULEIRO 1/1 ACOPLADO 700X85 TURIM
607003124,TABULEIRO 1/1 ACOPLADO 950X88 CAMARIM DIMANTE
607003125,TABULEIRO 1/1 ACOPLADO 650X145 HALL
607003126,TABULEIRO 1/1 ACOPLADO 750X190 CHARLOTTE
607003127,TABULEIRO 1/1 ACOPLADO 1200X60 DIJON
607003128,TABULEIRO 1/1 ACOPLADO 600X100 MESA CAB SLIM
607003129,TABULEIRO 1/1 ACOPLADO 700X73 ASTRAL
607003130,TABULEIRO 1/1 ACOPLADO 700X62 PAINEL LIFE 1.36
607003131,TABULEIRO 1/1 ACOPLADO 600X102 APARADOR LIFE 1.36
607003132,TABULEIRO 1/1 ACOPLADO 700X57 PAINEL LIFE 1.8
607003133,TABULEIRO 1/1 ACOPLADO 600X102 APARADOR LIFE 1.8
607003134,TABULEIRO 1/1 INT VINCADO 370X250 RETALHO ENCANTO
607003135,TABULEIRO 1/1 ACOPLADO 650X120 BUFFET VENEZA
607003136,TABULEIRO 1/2 ACOPLADO 700X150 COMODA SAP DUBAI
607003137,TABULEIRO 2/2 ACOPLADO 700X51 COMODA SAP DUBAI
607003138,TABULEIRO 1/1 ACOPLADO 700X125 BUFFET CAJUEIRO
607003139,TABULEIRO 1/1 ACOPLADO 700X80 BALCAO THOR
607003141,TABULEIRO 1/1 ACOPLADO 700X155 LIVREIRO THOR
607003142,TABULEIRO 1/1 ACOPLADO 1900X52 PAINEL INTENSE
607003143,TABULEIRO 1/1 ACOPLADO 1280X135 BUFFET CLASSIC
607003144,TABULEIRO 1/2 ACOPLADO 1200X88 BERCO 5 GAV GOLDEN
607003145,TABULEIRO 2/2 ACOPLADO 900X90 BERCO 5 GAV GOLDEN
607003146,TABULEIRO 1/1 ACOPLADO 700X90 APARADOR RUBI (QUALI
607003147,TABULEIRO 1/1 ACOPLADO 700X132 ARMARIO JESSICA
607003148,TABULEIRO 1/1 ACOPLADO 1600X105 ESCRIVANINHA PRISM
607003149,TABULEIRO 1/1 ACOPLADO 1600 X 131 CANTINHO CAFE SI
607003150,TABULEIRO 1/1 ACOPLADO 1400X78 ESCRIV TAURUS
607003151,TABULEIRO 1/1 ACOPLADO 2000X102 LIVREIRO TAURUS
607003153,TABULEIRO 1/1 ACOPLADO 1500X75 BELLA
607003154,TABULEIRO 1/2-2/2-2/3 ACOPLADO 1600X78 SUPREMO 2.3
607003155,TABULEIRO 1/3 ACOPLADO 1600X79 HOME ANTARES 1.8
607003156,TABULEIRO 2/3 ACOPLADO 1600X50 ANTARES 1.8
607003157,TABULEIRO 3/3 ACOPLADO 1400X65 HOME SUPREMO 2.3
607003158,TABULEIRO 1/2-1/3 ACOPLADO 1600X55 SUPREMO 1.8
607003159,TABULEIRO 2/2-2/3 ACOPLADO 1600X78 SUPREMO 1.8
607003160,TABULEIRO 3/3 ACOPLADO 1400X65 SUPREMO/ANTARES 1.8
607003161,TABULEIRO 1/1 ACOPLADO 1400X125 BUFFET 4 PT PRISM
607003162,TABULEIRO 1/1 ACOPLADO 1150X141 BUFFET 2 PT PRISM
607003163,TABULEIRO 1/1 ACOPLADO 1350X165 BALCAO PRISM
607003164,TABULEIRO 1/1 ACOPLADO 1400X153 ARMARIO PRISM
607003165,TABULEIRO 1/1 ACOPLADO 1400X117 RACK PRISM
607003167,TABULEIRO 1/1 ACOPLADO 1200X53 MESA CENTRO PRISM
607003168,TABULEIRO 1/1 ACOPLADO 900X46 MESA LATERAL PRISM
607003169,TABULEIRO 1/1 ACOPLADO 700X80 RACK NATURE
607003170,TABULEIRO 1/1 ACOPLADO 700X85 RACK SHOW
607003171,TABULEIRO 1/1 ACOPLADO 1200X83 PENTEADEIRA LAURA
607003172,TABULEIRO 1/1 ACOPLADO 1400X55 MOD SUPREMO 0.496
607003173,TABULEIRO 1/1 ACOPLADO 1400X80 MOD SUPREMO 0.945
607003174,TABULEIRO 1/1 ACOPLADO 1200X110 RACK SIRIUS 0.9
607003175,TABULEIRO 1/1 ACOPLADO 1400X93 SIRIUS 1.4/1.6
607003176,TABULEIRO 1/2 ACOPLADO 1400X74 PAINEL DELTA 2.3
607003177,TABULEIRO 2/2 ACOPLADO 1600X75 DELTA 2.3/1.8
607003178,TABULEIRO 1/2 ACOPLADO 1400X55 PAINEL DELTA 1.8
607003179,TABULEIRO 1/1 ACOPLADO 1600X58 PAINEL SIRIUS 1.6
607003180,TABULEIRO 1/2 ACOPLADO 700X67 ROUPEIRO GOLDEN
607003181,TABULEIRO 2/2 ACOPLADO 700X79 ROUPEIRO GOLDEN
607003182,TABULEIRO 1/1 ACOPLADO 700X120 COMODA GOLDEN
607003183,TABULEIRO 1/1 ACOPLADO 800X123 APARADOR VEGAS
607003184,TABULEIRO 1/1 ACOPLADO 1850X88 ESCRIVANINHA GAMER
607003185,TABULEIRO 1/1 TRIPLEX 600X108 MESA CABECEIRA SLEEP
607003186,TABULEIRO 1/1 TRIPLEX 600X118 MESA CABECEIRA PRIME
607003187,TABULEIRO 1/1 ACOPLADO 1200X128 BUFFET 3 PT PRISM
607003188,TABULEIRO 1/2 ACOPLADO 1500X91 CRISTALEIRA FLIP
607003189,TABULEIRO 2/2 ACOPLADO 1100X73 CRISTALEIRA FLIP
607003190,TABULEIRO 1/2 ACOPLADO 1600X103 BUFFET 1.8 FLIP
607003191,TABULEIRO 2/2 ACOPLADO 800X88 BUFFET FLIP 1.8
607003192,TABULEIRO 1/2 ACOPLADO 1600X108 BUFFET FLIP 1.6
607003193,TABULEIRO 2/2 ACOPLADO 800X88 BUFFET FLIP 1.6
607003194,TABULEIRO 1/1 ACOPLADO 1600X103 RACK FLIP 2.2
607003195,TABULEIRO 1/1 ACOPLADO 1600X93 RACK FLIP 1.8
607003196,TABULEIRO 1/2 ACOPLADO 1500X83 CRISTALEIRA ORION
607003197,TABULEIRO 2/2 ACOPLADO 1000X88 CRISTALEIRA ORION
607003198,TABULEIRO 1/1 ACOPLADO 1700X73 MESA GAMER GTX
607003199,TABULEIRO 1/1 ACOPLADO 1900X88 ARMARIO GAMER GTX
607003200,TABULEIRO 1/1 ACOPLADO 900X43 ESPELHEIRA VERSATIL
607003201,TABULEIRO 1/1 ACOPLADO 1100X160 CANT CAFE AURORA
607003202,TABULEIRO 1/1 ACOPLADO 650X125 MESA CAB MAVIE
607003203,TABULEIRO 1/1 ACOPLADO 2200X50 CABECEIRA VIENA
607003204,TABULEIRO 1/1 ACOPLADO 1700X73 ESCRIV ENCANTO
607003205,TABULEIRO 1/1 ACOPLADO 1900X88 ARMARIO ENCANTO
607003206,TABULEIRO 1/1 TRIPLEX 600X118 KIT 2 MESA CAB SLEEP
607003207,TABULEIRO 1/1 ACOPLADO 1600X118 RACK FLIP 1.6
607003208,TABULEIRO 1/1 ACOPLADO 1200X173 BUFFET FLIP 0.9
607003209,TABULEIRO 1/1 ACOPLADO 1200X145 BUFFET FLIP 1.2
607003210,TABULEIRO 1/2 ACOPLADO 1600X97 ANTARES 1.4
607003211,TABULEIRO 2/2 ACOPLADO 1200X77 ANTARES 1.4
607003212,TABULEIRO 1/1 ACOPLADO 1600X42 NICHO IMPACTO 2.0
607003213,TABULEIRO 1/1 ACOPLADO 1200X42 NICHO IMPACTO 1.6
607003214,TABULEIRO 1/1 ACOPLADO 1000X42 NICHO IMPACTO 1.2
607003215,TABULEIRO ACOPLADO 1600X73 PAINEL RIP IMPACTO
607003216,TABULEIRO 1/2 ACOPLADO 1600X55 PAINEL IMPACTO
607003217,TABULEIRO 2/2 ACOPLADO 1600X45 PAINEL
607003218,TABULEIRO 1/1 ACOPLADO 1200X118 RACK OASIS 1.6
607003219,TABULEIRO 1/1 ACOPLADO 1600X118 RACK OASIS 1.8
607003220,TABULEIRO 1/2 ACOPLADO 1600X73 HOME ANGEL 1.8
607003221,TABULEIRO 2/2 ACOPLADO 1600X110 HOME ANGEL 1.6/1.8
607003222,TABULEIRO 1/2 ACOPLADO 1600X68 HOME ANGEL 1.6
607003223,TABULEIRO 1/1 DUPLO 510X83 MESA CAB MADERO
607003227,TABULEIRO 1/1 ACOPLADO 1400X98 ESCRIV CANTO MALTA
607003232,TABULEIRO 1/1 ACOPLADO 1200X103 PENTEADEIRA EVORA
607005003,ISOMANTA 1/1-1/2 1000X500X0.5 VARIOS COMODA GOLDEN
607005005,ISOMANTA 1/2 1800X500X0.5 PAINEL PRISM 1.8
607005006,ISOMANTA 1/1 -1/2 1200X500X0.5 VARIOS ITENS
607005007,ISOMANTA 1/1 850X850X0.5 CENTRO PRISCILA PLUS
607005008,ISOMANTA 1/1 650X650X0.5 LATERAL PRISCILA PLUS
607005014,ISOMANTA 1/1 1600X500X0.5 PNL PRISM 1.6
607005018,ISOMANTA 1/1 600X500X0.5 CRIADO NEW RUBI
607005021,ISOMANTA 2/2 1470X500X0.5 RACK DALLAS
607005023,BOBINA ISOMANTA CORTE C/ 500 ESP 2MM (ASSISTENCIA)
607005038,ISOMANTA 1/2 1420X620X1 DUDA
607005039,ISOMANTA 2/2 830X765X1 DUDA
607005040,ISOMANTA 1/1 1755X565X0.5 PNL DALLAS
607005042,ISOMANTA 1/2 1240X600X1 LIZ
607005043,ISOMANTA 2/2 1040X600X1 LIZ
607005047,ISOMANTA 1/1 1900X470X1 BOOK
607005048,ISOMANTA 1/1 600X160X0.5 ACESS PAINEL DALLAS
607005049,ISOMANTA 1/1 1500X500X0.5 RACK OASIS
607005054,ISOMANTA 1/1 1060X500X0.5 PRINCESA
607005055,ISOMANTA 1/1 1250X450X0.5 SPACE
607005056,ISOMANTA 1/2 1700X600X0.5 ADRYAN-1/1 PAINEL SIRIUS
607005057,ISOMANTA 2/2 1700X380X0.5 ADRYAN
607005062,ISOMANTA 1/1 1750X500X0.5 ESTRELA
607005063,ISOMANTA 1/1 1050X450X0.5 SPAZIO/BALCAO PRISM
607005067,ISOMANTA 1080 X 450 X 05MM MULTIFUNCIONAL 3X1
607005068,ISOMANTA 1/1 1400X430X0.5 RACK TOPAZIO/BRITO
607005069,ISOMANTA 1/1 950X430X0.5 RACK YAN
607005071,ISOMANTA 1/1 1400X550X0.5 PNL TOPAZIO/ESCIV PRISM
607005072,ISOMANTA 1/1 950X480X0.5 PNL YAN/VERSATIL/SIRIUS
607005076,ISOMANTA 1/1 950X580X0.5 YASMIM
607005079,ISOMANTA 1/2 600X600X0.5 LUNA 530
607005080,ISOMANTA 1/1 1850X450X0.5 RACK PRISM 1.8
607005081,ISOMANTA 1/1 1650X400X0.5 RACK PRISM/MARS 1.6
607005086,"ISOMANTA 1830 X 350 X 0,5MM HOME SUSPENSO PARIS"
607005087,"ISOMANTA 1650 X 540 X 0,5MM HOME SUSPENSO PARIS"
607005088,ISOMANTA 1/1 950X500X0.05 ACONCHEGO 1/2 ROUP GOLDE
607005089,"ISOMANTA 550 X 550 X 0,5MM MESA LAT C/ESP ADAPT"
607005091,ISOMANTA 1/1 2050X540X0.5 EXPOSITOR PATRIMAR
607005093,ISOMANTA 2/2 1350X750X0.5 SONOSUAVE/ARCO IRIS
607005094,ISOMANTA 1/2 950X700X0.5 SONOSUAVE/ARCO IRIS
607005095,ISOMANTA 1/2 1460X730X0.5 CTO LEG/EVOL/SKINNY
607005096,ISOMANTA 1/2 1200X600X0.5 APOIO LEG/EVOL/SKINNY
607005097,ISOMANTA 1/1 1250X400X0.5 MAGIC NEW
607005098,ISOMANTA 1/2 1150X500X0.5 JUMA N/AP SELLER/VERO
607005099,ISOMANTA 1/1 1300X500X0.5 COMP MILLION
607005100,ISOMANTA 1/1 1850X400X0.5 LIVREIRO ENCANTO
607005103,ISOMANTA 1/1 1850X500X0.5 PNL MARS 1.8
607005105,ISOMANTA 1/1 1400X500X0.5 PNL MARS 1.36/PRISM 1.4
607005108,ISOMANTA 1/2 1250X500X0.5 CAMARIM STRASS
607005109,ISOMANTA 1/2 820X420X0.5 CRISTALEIRA SELLER
607005110,ISOMANTA 1/1 1400X400X0.5 PRISM 1.4/SELLER 2/2
607005111,ISOMANTA 1/2 1750X380X0.5 SAPATEIRA LISBOA
607005112,ISOMANTA 2/2 1750X500X0.5 SAPATEIRA LISBOA
607005113,ISOMANTA 1/1 950X450X0.5 BUFFET 3PT PARIS/PRIME
607005115,ISOMANTA 1/1 480X350X0.5 NICHO MILLION
607005116,ISOMANTA 1/1 850X520X0.5 BAR LEBLON
607005118,ISOMANTA 2/2 1060X720X0.5 CAMARIM STRASS
607005119,ISOMANTA 1/2 1880X380X0.5 SUBLIME
607005120,ISOMANTA 1/1 - 2/2 1900X600X0.5 DIJON/SUBLIME
607005121,ISOMANTA 1/2 1650X350X0.5 TREND
607005122,ISOMANTA 2/2 1650X560X0.5 TREND
607005123,ISOMANTA 1/2 980X520X0.5 CAMARIM ELOA
607005124,ISOMANTA 2/2 1450X780X0.5 CAMARIM ELOA
607005125,ISOMANTA 1/2 920X520X0.5 CAMARIM MEL
607005126,ISOMANTA 2/2 1050X780X0.5 CAMARIM MEL
607005129,ISOMANTA 1/1 1420X450X0.5 EST HAMPTON/ARMARIO PRIS
607005131,ISOMANTA 1/1 1050X600X0.5 APARA/SAPAT HAMPTON
607005133,ISOMANTA 1/1 980X580X0.5 ESCRIV HAMPTON 35.43
607005134,ISOMANTA 1/2 740X600X0.5 ARMARIO HAMPTON
607005135,ISOMANTA 2/2 1420X560X05 ARMARIO HAMPTON
607005137,ISOMANTA 1/1 900X150X0.5 FERRO EXPORTACAO
607005138,ISOMANTA 1/2 1540X750X0.5 CENTRO LUNA 670/LINS
607005139,ISOMANTA 1/2 1350X660X0.5 CENTRO LUNA 590/LINS
607005140,ISOMANTA 1/2 1250X600X0.5 APOIO LUNA 530/LINS
607005142,ISOMANTA 1/2 1050X520X0.5 LATERAL LUNA 440/LINS
607005143,BOBINA ISOMANTA 300 X 1500 C/500MM PIC 200MM
607005144,ISOMANTA 1/1 850X370X0.5 MADERO
607005145,ISOMANTA 1/1 950X550X0.5 CENTRO PRISM/LAILA
607005147,ISOMANTA 1/1 1650X500X0.5 PNL MARSELHA 1.6
607005148,ISOMANTA 1/1 1400X400X0.5 RACK MARSELHA 1.36
607005149,ISOMANTA 1/1 1700X450X0.5 BUFFET 4 PT PRISM
607005150,ISOMANTA 1/1 900X450X0.5 BUF 2 PT PRISM/LONDRES
607005151,ISOMANTA 1/1 550X500X0.5 LATERAL PRISM
607005153,ISOMANTA 1/1 600X420X0.05 MESA CAB SLIM
607005154,ISOMANTA 1/1 500X500X0.05 MESA CANTO/LAT SLIM
607005155,ISOMANTA 1/1 670X380X0.05 BUFFET 2 PT PIX
607005156,ISOMANTA 1/1 700X450X0.05 BUFFET 2 PT PARIS
607005157,ISOMANTA 1/1 1000X450X0.05 RACK SIRIUS 09
607005158,ISOMANTA 1/1 1000X400X0.05 HALL/LOUISE
607005159,ISOMANTA 1/1 1300X750X0.05 CAMARIM DIAMANTE
607005160,ISOMANTA 1/1 1130X450X0.05 CHARLOTTE
607005161,ISOMANTA 1/1 1450X500X0.05 PNL ATRAL/LIFE 1.36
607005162,ISOMANTA 1/1 1450X320X0.05 APARADOR LIFE 1.36
607005163,ISOMANTA 1/1 1900X500X0.05 PNL LIFE 1.8
607005164,ISOMANTA 1/1 1900X320X0.05 APARADOR LIFE 1.8
607005165,"ISOMANTA 1/1 760X500X1,0 BOMBE PREMIER"
607005166,ISOMANTA 1/1 460X410X0.05 MESA CABAECEIRA BILL
607005167,ISOMANTA 1/1 800X400X0.05 BUFFET VENEZA
607005168,ISOMANTA 1/2 1000X430X0.05 COMODA SAPATEIRA DUBAI
607005169,ISOMANTA 2/2 1900X520X0.05 COMODA SAPATEIRA DUBAI
607005170,ISOMANTA 1/1 1300X500X0.05 BUFFET CAJUEIRO
607005171,ISOMANTA 1/1 1000X350X0.05 THOR/ARMARIO JESSICA
607005172,ISOMANTA 1/1 1460X600X0.05PAINEL INTENSE/HOME ANG
607005175,ISOMANTA 1/1 1000X430X0.05 BUFFET CLASSIC
607005176,ISOMANTA 1/2 1000X800X0.05 BERCO 5 GAV GOLDEN
607005177,ISOMANTA 2/2 1400X750X0.05 BERCO 5 GAV GOLDEN
607005178,ISOMANTA 1/1 760X410X0.05 APARADOR RUBI
607005179,ISOMANTA 1/1 1500X460X0.05 CANTINHO CAFE SIENA
607005180,ISOMANTA 1/1 1350X600X0.05 ESCR TAURUS/BUFF FLIP12
607005181,ISOMANTA 1/1 1850X400X0.05 LIVREIRO TAURUS
607005182,ISOMANTA 1/1 1350X500X0.05 ESCRIVANINHA BELLA
607005183,ISOMANTA 1/3-2/3 2600X530X0.05 SUPREMO 2.3/1.8
607005184,ISOMANTA 1/2-1/3-2/3 1900X530X0.05 HOME ANTARES
607005185,ISOMANTA 3/3 2100X360X0.05 HOME SUPREMO 2.3
607005186,ISOMANTA 3/3 1700X360X0.05 SUPREMO/ANTARES 1.8
607005187,ISOMANTA 1/1 1450X450X0.05 RACK NATURE
607005188,ISOMANTA 1/1 1500X600X0.05 ESCRIVANINHA PRISM
607005189,ISOMANTA 1/1 780X780X0.05 PENTEADEIRA LAURA
607005190,ISOMANTA 1/1 1460X450X0.05 RACK SIRIUS 1.4
607005191,ISOMANTA 1/1-2/2 2300X520X.05 PAINEL DELTA 2.3/1.8
607005192,ISOMANTA 2/2 1950X500X0.05 ROUPEIRO GOLDEN
607005193,ISOMANTA 1/2 2620X1000X0.05 EXPOSITOR U
607005194,ISOMANTA 2/2 2300X700X0.05 EXPOSITOR U
607005195,ISOMANTA 1/1 1620X700X0.05 EXPOSITOR RETO
607005196,ISOMANTA 1/1 800X450X0.05 APARADOR VEGAS
607005197,ISOMANTA 1/1 1440X500X0.05 ESCRIVANINHA GAMER
607005198,ISOMANTA 1/1 750X450X0.05 KIT 2 MESA CAB SLEEP
607005199,ISOMANTA 1/1 1000X500X0.05 PAINEL MILAO
607005200,ISOMANTA 1/1 530X410X0.05 MESA CABECEIRA PRIME
607005201,ISOMANTA 1/1 1850X380X0.05 MULTIUSO RYAN
607005202,ISOMANTA 1/1 1880X350X0.05 MULTIUSO CAUE
607005203,ISOMANTA 1/1 1300X470X0.5 BUFFET 3 PT PRISM
607005204,ISOMANTA 1/2 1460X430X0.05 CRISTALEIRA FLIP
607005205,ISOMANTA 2/2 1000X470X0.05 CRISTALEIRA FLIP
607005206,ISOMANTA 1/2 1900X500X0.05 BUFFET FLIP 1.8
607005207,ISOMANTA 2/2 700X480X0.05 BUFFET FLIP 1.8
607005208,ISOMANTA 1/2 1700X500X0.05 BUFF FLIP 1.6/OASIS 1.8
607005209,ISOMANTA 2/2 700X450X0.05 BUFFET FLIP 1.6
607005210,ISOMANTA 1/1 2300X450X0.5 RACK FLIP 2.2
607005211,ISOMANTA 1/1 1900X450X0.05 RACK FLIP 1.8
607005212,ISOMANTA 1/2 1460X430X0.05 CRISTALEIRA ORION
607005213,ISOMANTA 2/2 870X430X0.05 CRISTALEIRA ORION
607005214,ISOMANTA 1/1 1460X600X0.05 MESA GAMER GTX/ENCANTO
607005215,ISOMANTA 1/1 1900X370X0.05 ARMARIO GTX/ENCANTO
607005216,ISOMANTA 1/1 700X450X0.05 ESPELHEIRA VERSATIL
607005217,ISOMANTA 1/1 900X430X0.05 CANTINHO DO CAFE AURORA
607005218,ISOMANTA 1/1 500X380X0.05 MESA CABECEIRA MAVIE
607005219,ISOMANTA 1/1 550X550X0.05 MESA CENTRO SLIM
607005220,ISOMANTA 1/1 1800X380X0.05 RACK JOAQUIM
607005221,ISOMANTA 1/1 2030X700X0.05 CABECEIRA VIENA
607005222,ISOMANTA 1/2 2650X700X0.5 EXPOSITOR PATRIMAR II
607005223,ISOMANTA 2/2 2500X700X0.5 EXPOSITOR PATRIMAR II
607005224,ISOMANTA 1/1 950X400X0.05 MESA CABECEIRA SLEEP
607005225,ISOMANTA 1/1 730X730X0.05 MESA CENTRO EVOLUTION
607005226,ISOMANTA 1/1 600X600X0.05 MESA APOIO EVOLUTION
607005227,ISOMANTA 1/1 500X500X0.05 MESA LATERAL EVOLUTION
607005228,ISOMANTA 1/1 750X750X0.5 MESA CENTRO LUNA 670
607005229,ISOMANTA 1/1 660X660X0.5 MESA CENTRO LUNA 590
607005230,ISOMANTA 1/1 600X600X0.5 MESA APOIO LUNA 530
607005231,ISOMANTA 1/1 520X520X0.5 MESA LATERAL LUNA 440
607005232,ISOMANTA 1/1 960X500X0.05 BUFFET FLIP 0.9
607005233,ISOMANTA 2/2 1300X360X0.05 HOME ANTARES 1.4
607005234,ISOMANTA 1/2-2/2 2300X530X.05 PAINEL RIP IMPACTO
607005235,ISOMANTA 1/2 1720X600X0.05 HOME ANGEL 1.8
607005236,ISOMANTA 1/1 1200X400 RACK INTENSE
607005237,ISOMANTA 1/1 400X350 MESA CABECEIRA MADERO
607005243,ISOMANTA 1/1 750X560X5MM PENTEADEIRA EVORA
707001006,TAMPO 900X500X25 MDF 1 OFF WHITE
707001021,TAMPO 900X500X25 MDF 1 BRANCO AC
707001070,TAMPO 900X500X25 MDF 1 PRETO ACE
711001006,TAMPO 600X600X25 MDF 1 OFF WHITE
711001070,TAMPO 600X600X25 MDF 1 PRETO ACETINADO
711001073,TAMPO 600X600X25 MDF 1 CUMARU
712001006,TAMPO 675X675X25 MDF 1 OFF WHITE
712001070,TAMPO 675X675X25 MDF 1 PRETO ACETINADO
712001073,TAMPO 675X675X25 MDF 1 CUMARU
713001006,TAMPO 450X450X25 MDF 1 OFF WHITE
713001070,TAMPO 450X450X25 MDF 1 PRETO ACETINADO
713001073,TAMPO 450X450X25 MDF 1 CUMARU
714001006,TAMPO 530X530X25 MDF 1 OFF WHITE
714001070,TAMPO 530X530X25 MDF 1 PRETO ACETINADO
714001073,TAMPO 530X530X25 MDF 1 CUMARU
715001001,TAMPO 650X650X15 MDF 1 BRANCO
715001006,TAMPO 650X650X15 MDF 1 OFF WHITE
715001077,TAMPO 650X650X15 MDF 1 NATURE
715001083,TAMPO 650X650X15 MDF 1 MENTA FOSCO
715001084,TAMPO 650X650X15 MDF 1 MARSALA FOSCO
716001001,TAMPO 450X450X15 MDF 1 BRANCO
716001006,TAMPO 450X450X15 MDF 1 OFF WHITE
716001077,TAMPO 450X450X15 MDF 1 NATURE
716001083,TAMPO 450X450X15 MDF 1 MENTA FOSCO
716001084,TAMPO 450X450X15 MDF 1 MARSALA FOSCO
717001001,TAMPO 450X450X15 MDF 1 BRANCO
717001006,TAMPO 450X450X15 MDF 1 OFF WHITE
717001077,TAMPO 450X450X15 MDF 1 NATURE
717001083,TAMPO 450X450X15 MDF 1 MENTA FOSCO
717001084,TAMPO 450X450X15 MDF 1 MARSALA FOSCO
718001006,1.36 BASE 1360X380X15 MDP 1 OFF WHITE
718001021,1.36 BASE 1360X380X15 MDP 1 BCO ACETINADO
718001070,1.36 BASE 1360X380X15 MDP 1 PTO ACETINADO
718002006,1.36 LAT DIR 380X360X15 MDP 2 OFF WHITE
718002021,1.36 LAT DIR 380X360X15 MDP 2 BCO ACETINA
718002070,1.36 LAT DIR 380X360X15 MDP 2 PTO ACETINA
718003006,1.36 LAT ESQ 380X360X15 MDP 3 OFF WHITE
718003021,1.36 LAT ESQ 380X360X15 MDP 3 BCO ACETINA
718003070,1.36 LAT ESQ 380X360X15 MDP 3 PTO ACETINA
718004006,1.36 DIV DIR 380X360X15 MDP 4 OFF WHITE
718004021,1.36 DIV DIR 380X360X15 MDP 4 BCO ACETINA
718004070,1.36 DIV DIR 380X360X15 MDP 4 PTO ACETINA
718005006,1.36 DIV ESQ 380X360X15 MDP 5 OFF WHITE
718005021,1.36 DIV ESQ 380X360X15 MDP 5 BCO ACETINA
718005070,1.36 DIV ESQ 380X360X15 MDP 5 PTO ACETINA
718006006,1.36 PRAT 511X350X15 MDP 6 OFF WHITE
718006021,1.36 PRAT 511X350X15 MDP 6 BCO ACETINADO
718006070,1.36 PRAT 511X350X15 MDP 6 PTO ACETINADO
718007073,1.36 TAMPO 1360X380X25 MDP 7 CUMARU
718008006,1.36 PORTA DIR 400X370X15 MDP 8 OFF WHITE
718008021,1.36 PORTA DIR 400X370X15 MDP 8 BCO ACETI
718008070,1.36 PORTA DIR 400X370X15 MDP 8 PTO ACETI
718009006,1.36 PORTA ESQ 400X370X15 MDP 9 OFF WHITE
718009021,1.36 PORTA ESQ 400X370X15 MDP 9 BCO ACETI
718009070,1.36 PORTA ESQ 400X370X15 MDP 9 PTO ACETI
718013100,1.36 TRAV TRAS PE 1120X55X18 MDF 13
719001006,1.6 BASE 1600X380X15 MDP 1 OFF WHITE
719001021,1.6 BASE 1600X380X15 MDP 1 BCO ACETINADO
719001070,1.6 BASE 1600X380X15 MDP 1 PTO ACETINADO
719002006,1.6 LAT DIR 380X360X15 MDP 2 OFF WHITE
719002021,1.6 LAT DIR 380X360X15 MDP 2 BCO ACETINAD
719002070,1.6 LAT DIR 380X360X15 MDP 2 PTO ACETINAD
719003006,1.6 LAT ESQ 380X360X15 MDP 3 OFF WHITE
719003021,1.6 LAT ESQ 380X360X15 MDP 3 BCO ACETINAD
719003070,1.6 LAT ESQ 380X360X15 MDP 3 PTO ACETINAD
719004006,1.6 DIV DIR 380X360X15 MDP 4 OFF WHITE
719004021,1.6 DIV DIR 380X360X15 MDP 4 BCO ACETINAD
719004070,1.6 DIV DIR 380X360X15 MDP 4 PTO ACETINAD
719005006,1.6 DIV ESQ 380X360X15 MDP 5 OFF WHITE
719005021,1.6 DIV ESQ 380X360X15 MDP 5 BCO ACETINAD
719005070,1.6 DIV ESQ 380X360X15 MDP 5 PTO ACETINAD
719006006,1.6 PRAT 599X350X15 MDP 6 OFF WHITE
719006021,1.6 PRAT 599X350X15 MDP 6 BCO ACETINADO
719006070,1.6 PRAT 599X350X15 MDP 6 PTO ACETINADO
719007006,1.6 DIV CENTRAL 380X360X15 MDP 7 OFF WHIT
719007021,1.6 DIV CENTRAL 380X360X15 MDP 7 BCO ACET
719007070,1.6 DIV CENTRAL 380X360X15MDP7 PTO ACETIN
719008006,1.6 PORTA DIR 400X370X15 MDP 8 OFF WHITE
719008021,1.6 PORTA DIR 400X370X15 MDP 8 BCO ACETIN
719008070,1.6 PORTA DIR 400X370X15 MDP 8 PTO ACETIN
719009006,1.6 PORTA ESQ 400X370X15 MDP 9 OFF WHITE
719009021,1.6 PORTA ESQ 400X370X15 MDP 9 BCO ACETIN
719009070,1.6 PORTA ESQ 400X370X15 MDP 9 PTO ACETIN
719010073,1.6 COLMEIA 355X105X15 MDP 10 CUMARU
719011073,1.6 LAT COLMEIA 379X358X15 MDP 11 CUMARU
719012073,1.6 TAMPO 1600X380X25 MDP 12 CUMARU
719016100,1.6 TRAV TRAS PE 1360X55X18 MDF 16
721001006,1.36 INF 1360X410X15 MDP 1 OFF WHI
721001021,1.36 INF 1360X410X15 MDP 1 BCO AC
721001070,1.36 INF 1360X410X15 MDP 1 PTO AC
721002006,1.36 SUP 1360X410X15 MDP 2 OFF WHI
721002021,1.36 SUP 1360X410X15 MDP 2 BCO AC
721002070,1.36 SUP 1360X410X15 MDP 2 PTO AC
721003006,1.36 CENTRAL 1360X300X15 MDP 3 OFF
721003021,1.36 CENTRAL 1360X300X15MDP3 BCO A
721003070,1.36 CENTRAL 1360X300X15MDP 3PTO A
721004006,1.36 ENCH LAT 1150X80X15 MDP 4 OFF
721004021,1.36 ENCH LAT 1150X80X15MDP 4BCO A
721004070,1.36 ENCH LAT 1150X80X15MDP 4PTO A
721005100,1.36 SUP PAINEL 1140X72X15 MDP 5
721006100,1.36 SUP PAREDE 1040X72X15 MDP 6
721007006,1.36 PRAT 1270X150X25 MDP 7 OFF WH
721007021,1.36 PRAT 1270X150X25 MDP 7 BCO AC
721007070,1.36 PRAT 1270X150X25 MDP 7 PTO AC
721008100,1.36 SUPORTE MENOR 450X72X15 MDP 8
721009006,1.36 REGUA 1170X80X6 MDF 9 OFF WHI
721009021,1.36 REGUA 1170X80X6 MDF 9 BCO AC
721009070,1.36 REGUA 1170X80X6 MDF 9 PTO AC
723001006,1.6 INF 1600X410X15 MDP 1 OFF WHI
723001021,1.6 INF 1600X410X15 MDP 1 BCO AC
723001070,1.6 INF 1600X410X15 MDP 1 PRETO AC
723002006,1.6 SUP 1600X410X15 MDP 2 OFF WHIE
723002021,1.6 SUP 1600X410X15 MDP 2 BCO AC
723002070,1.6 SUP 1600X410X15 MDP 2 PRETO AC
723003006,1.6 CENTRAL 1600X300X15 MDP 3 OFF
723003021,1.6 CENTRAL1600X300X15 MDP3 BCO AC
723003070,1.6 CENTRAL1600X300X15MDP 3 PRE AC
723004006,1.6 ENCH LAT 1150X80X15 MDP 4 OFF
723004021,1.6 ENCH LAT 1150X80X15MDP 4BCO AC
723004070,1.6 ENCH LAT 1150X80X15 MDP4PRE AC
723005100,1.6 SUPORTE PAINEL 1140X72X15 MDP5
723006100,1.6 SUPORTE PAREDE 1040X72X15 MDP6
723007006,1.6 PRAT 1510X150X25 MDP 7 OFF WHI
723007021,1.6 PRAT 1510X150X25 MDP 7 BCO AC
723007070,1.6 PRAT 1510X150X25 MDP 7 PRE AC
723008100,1.6 SUPORTE MENOR 450X72X15 MDP 8
723009006,1.6 REGUA 1410X80X6 MDF 9 OFF WHIE
723009021,1.6 REGUA 1410X80X6 MDF 9 BCO AC
723009070,1.6 REGUA 1410X80X6 MDF 9 PRE AC
726001006,TAMPO 900X500X25 MDF 1 OFF WHITE
726001021,TAMPO 900X500X25 MDF 1 BRANCO AC
726001070,TAMPO 900X500X25 MDF 1 PRETO ACE
727001006,BASE 810X400X15 MDP 1 OFF WHITE
727001021,BASE 810X400X15 MDP 1 BCO AC
727001070,BASE 810X400X15 MDP 1 PTO AC
727001116,BASE 810X400X15 MDP 1 CINAMOMO
727002006,LAT DIR 510X380X15 MDP 2 OFF WH
727002021,LAT DIR 510X380X15 MDP 2 BCO AC
727002070,LAT DIR 510X380X15 MDP 2 PTO AC
727002116,LAT DIR 510X380X15 MDP 2 CINAMO
727003006,LAT ESQ 510X380X15 MDP 3 OFF WHI
727003021,LAT ESQ 510X380X15 MDP 3 BCO AC
727003070,LAT ESQ 510X380X15 MDP 3 PTO AC
727003116,LAT ESQ 510X380X15 MDP 3 CINAMO
727004073,TAMPO 830X415X25 MDF 4 CUMARU
727004116,TAMPO 830X415X25 MDF 4 CINAMOMO
727005006,PRAT MOV 760X380X15 MDP 5 OFF W
727005021,PRAT MOV 760X380X15 MDP 5 BCO A
727005070,PRAT MOV 760X380X15 MDP 5 PTO A
727005116,PRAT MOV 760X380X15 MDP 5 CINAMO
727007006,PTA ESQ 503X388X15 MDP 7 OFF WH
727007021,PTA ESQ 503X388X15 MDP 7 BCO AC
727007070,PTA ESQ 503X388X15 MDP 7 PTO AC
727007116,PTA ESQ 503X388X15 MDP 7 CINAMO
727008006,PTA DIR 503X388X15 MDP 8 OFF WHI
727008021,PTA DIR 503X388X15 MDP 8 BCO AC
727008070,PTA DIR 503X388X15 MDP 8 PTO AC
727008116,PTA DIR 503X388X15 MDP 8 CINAMO
727010100,TRAV TRAS 590X55X18 MDF 10
728001006,BASE 1600X400X15 MDP 1 OFF WHIT
728001021,BASE 1600X400X15 MDP 1 BCO AC
728001070,BASE 1600X400X15 MDP 1 PTO AC
728001116,BASE 1600X400X15 MDP 1 CINAMOMO
728002006,LAT DIR 510X380X15 MDP 2 OFF WH
728002021,LAT DIR 510X380X15 MDP 2 BCO AC
728002070,LAT DIR 510X380X15 MDP 2 PTO AC
728002116,LAT DIR 510X380X15 MDP 2 CINAMO
728003006,LAT ESQ 510X380X15 MDP 3 OFF WH
728003021,LAT ESQ 510X380X15 MDP 3 BCO AC
728003070,LAT ESQ 510X380X15 MDP 3 PTO AC
728003116,LAT ESQ 510X380X15 MDP 3 CINAMO
728004006,DIV 510X380X15 MDP 4 OFF WHITE
728004021,DIV 510X380X15 MDP 4 BCO AC
728004070,DIV 510X380X15 MDP 4 PTO AC
728004116,DIV 510X380X15 MDP 4 CINAMOMO
728005006,PRAT MOV 767X380X15 MDP 5 OFF W
728005021,PRAT MOV 767X380X15 MDP 5 BCO A
728005070,PRAT MOV 767X380X15 MDP 5 PTO A
728005116,PRAT MOV 767X380X15 MDP 5 CINAMO
728006073,TAMPO 1620X415X25 MDF 6 CUMARU
728006116,TAMPO 1620X415X25 MDF 6 CINAMOMO
728007006,PTA ESQ 503X388X15 MDP 7 OFF WH
728007021,PTA ESQ 503X388X15 MDP 7 BCO AC
728007070,PTA ESQ 503X388X15 MDP 7 PTO AC
728007116,PTA ESQ 503X388X15 MDP 7 CINAMO
728008006,PTA DIR 503X388X15 MDP 8 OFF WH
728008021,PTA DIR 503X388X15 MDP 8 BCO AC
728008070,PTA DIR 503X388X15 MDP 8 PTO AC
728008116,PTA DIR 503X388X15 MDP 8 CINAMO
728010100,TRAV TRAS 1360X55X18 MDF 10
729001001,BASE 410X360X15 MDP 1 BRANCO
729001006,BASE 410X360X15 MDP 1 OFF WHITE
729001070,BASE 410X360X15 MDP 1 PRETO AC
729002001,LAT DIR 340X305X15 MDP 2 BRANCO
729002006,LAT DIR 340X305X15 MDP 2 OFF WHITE
729002070,LAT DIR 340X305X15 MDP 2 PRETO AC
729003001,LAT ESQ 340X305X15 MDP 3 BRANCO
729003006,LAT ESQ 340X305X15 MDP 3 OFF WHITE
729003070,LAT ESQ 340X305X15 MDP 3 PRETO AC
729004001,TAMPO/PRAT 370X338X15 MDP 4 BRANCO
729004006,TAMPO/PRAT 370X338X15 MDP 4 OFF WHI
729004070,TAMPO/PRAT 370X338X15 MDP 4 PRETO AC
729005001,FRENTE GAV 386X130X15 MDP 5 BRANCO
729005006,FRENTE GAV 386X130X15 MDP 5 OFF WHITE
729005070,FRENTE GAV 386X130X15 MDP 5 PRETO AC
729006001,LAT GAV 300X90X12 MDP 6 BRANCO
729006006,LAT GAV 300X90X12 MDP 6 OFF WHITE
729006070,LAT GAV 300X90X12 MDP 6 PRETO AC
729007001,C F GAV 320X75X12 MDP 7 BRANCO
729007006,C F GAV 320X75X12 MDP 7 OFF WHITE
729007070,C F GAV 320X75X12 MDP 7 PRETO ACETINADO
736001001,TAMPO 450X450X12 MDF 1 BRANCO
736001006,TAMPO 450X450X12 MDF 1 OFF WH
736001070,TAMPO 450X450X12 MDF 1 PTO AC
736001108,TAMPO 450X450X12 MDF 1 GRAFIT
736001116,TAMPO 450X450X12 MDF 1 CINAMO
743001006,TAMPO 1200X400X15 MDP 1 OFF WHITE
743001021,TAMPO 1200X400X15 MDP 1 BRANCO AC
743001070,TAMPO 1200X400X15 MDP 1 PRETO AC
743002006,LAT ESQ 800X380X15 MDP 2 OFF WHITE
743002021,LAT ESQ 800X380X15 MDP 2 BRANCO AC
743002070,LAT ESQ 800X380X15 MDP 2 PRETO AC
743003006,DIV 800X380X15 MDP 3 OFF WHITE
743003021,DIV 800X380X15 MDP 3 BRANCO AC
743003070,DIV 800X380X15 MDP 3 PRETO AC
743004006,LAT DIR 800X380X15 MDP 4 OFF WHITE
743004021,LAT DIR 800X380X15 MDP 4 BRANCO AC
743004070,LAT DIR 800X380X15 MDP 4 PRETO AC
743005006,BASE 380X378X15 MDP 5 OFF WHITE
743005021,BASE 380X378X15 MDP 5 BRANCO AC
743005070,BASE 380X378X15 MDP 5 PRETO AC
743006006,TRAVA 755X70X15 MDP 6 OFF WHITE
743006021,TRAVA 755X70X15 MDP 6 BRANCO AC
743006070,TRAVA 755X70X15 MDP 6 PRETO AC
743007006,RODAPE 380X70X15 MDP 7 OFF WHITE
743007021,RODAPE 380X70X15 MDP 7 BRANCO AC
743007070,RODAPE 380X70X15 MDP 7 PRETO AC
743008006,PRAT MOVEL 380X350X15 MDP 8 OFF WHITE
743008021,PRAT MOVEL 380X350X15 MDP 8 BRANCO AC
743008070,PRAT MOVEL 380X350X15 MDP 8 PRETO AC
743009006,MOLD ESPELHO 1180X680X15 MDP 9 OFF WHITE
743009021,MOLD ESPELHO 1180X680X15 MDP 9 BRANCO AC
743009070,MOLD ESPELHO 1180X680X15 MDP 9 PRETO AC
743010006,PORTA 600X395X15 MDP 10 OFF WHITE
743010021,PORTA 600X395X15 MDP 10 BRANCO AC
743010070,PORTA 600X395X15 MDP 10 PRETO AC
743011006,FR GAV MENOR 395X120X15 MDP 11 OFF WHITE
743011021,FR GAV MENOR 395X120X15 MDP 11 BRANCO AC
743011070,FR GAV MENOR 395X120X15 MDP 11 PRETO AC
743012006,FR GAV MAIOR 768X120X15 MDP 12 OFF WHITE
743012021,FR GAV MAIOR 768X120X15 MDP 12 BRANCO AC
743012070,FR GAV MAIOR 768X120X15 MDP 12 PRETO AC
743013006,LAT GAV 290X100X12 MDP 13 OFF WHITE
743013021,LAT GAV 290X100X12 MDP 13 BRANCO AC
743013070,LAT GAV 290X100X12 MDP 13 PRETO AC
743014006,C F GAV 354X100X12 MDP 14 OFF WHITE
743014021,C F GAV 354X100X12 MDP 14 BRANCO AC
743014070,C F GAV 354X100X12 MDP 14 PRETO AC
743016006,C F GAV 729X100X12 MDP 16 OFF WHITE
743016021,C F GAV 729X100X12 MDP 16 BRANCO AC
743016070,C F GAV 729X100X12 MDP 16 PRETO AC
754001006,TAMPO MAIOR 900X235X15 MDP 1 OFF WHITE
754001116,TAMPO MAIOR 900X235X15 MDP 1 CINAMOMO
754002006,TAMPO MENOR 525X235X15 MDP 2 OFF WHITE
754002021,TAMPO MENOR 525X235X15 MDP 2 BCO AC
754002070,TAMPO MENOR 525X235X15 MDP 2 PTO AC
754002116,TAMPO MENOR 525X235X15 MDP 2 CINAMOMO
754003006,LAT ESQ 230X130X15 MDP 3 OFF WHITE
754003021,LAT ESQ 230X130X15 MDP 3 BCO AC
754003070,LAT ESQ 230X130X15 MDP 3 PTO AC
754003116,LAT ESQ 230X130X15 MDP 3 CINAMOMO
754004006,LAT DIR 230X115X15 MDP 4 OFF WHITE
754004021,LAT DIR 230X115X15 MDP 4 BCO AC
754004070,LAT DIR 230X115X15 MDP 4 PTO AC
754004116,LAT DIR 230X115X15 MDP 4 CINAMOMO
754005006,BASE 1350X235X15 MDP 5 OFF WHITE
754005021,BASE 1350X235X15 MDP 5 BCO AC
754005070,BASE 1350X235X15 MDP 5 PTO AC
754005116,BASE 1350X235X15 MDP 5 CINAMOMO
754006006,PAINEL INF 1360X540X12 MDP 6 OFF WHITE
754006021,PAINEL INF 1360X540X12 MDP 6 BCO AC
754006070,PAINEL INF 1360X540X12 MDP 6 PTO AC
754006116,PAINEL INF 1360X540X12 MDP 6 CINAMOMO
754007006,PAINEL SUP 1360X540X12 MDP 7 OFF WHITE
754007021,PAINEL SUP 1360X540X12 MDP 7 BCO AC
754007070,PAINEL SUP 1360X540X12 MDP 7 PTO AC
754007116,PAINEL SUP 1360X540X12 MDP 7 CINAMOMO
754008006,PRAT 1340X110X15 MDP 8 OFF WHITE
754008021,PRAT 1340X110X15 MDP 8 BCO AC
754008070,PRAT 1340X110X15 MDP 8 PTO AC
754008116,PRAT 1340X110X15 MDP 8 CINAMOMO
754009006,APLIQUE 835X200X12 MDF 9 OFF WHITE
754009116,APLIQUE 835X200X12 MDF 9 CINAMOMO
754010100,ENCHI TRAS 1030X65X15 MDP 10
754011100,SUP MAIOR 900X70X15 MDP 11
754012100,SUP MENOR 300X70X15 MDP 12
754013100,PERFIL PAPEL CARTAO 55(CANT EMB)
757001001,BASE 711X302X15 MDP 1 BCO
757001006,BASE 711X302X15 MDP 1 OFF WHITE
757001070,BASE 711X302X15 MDP 1 PTO AC
757001108,BASE 711X302X15 MDP 1 GRAFITE
757002001,LAT ESQ 451X301X15 MDP 2 BCO
757002006,LAT ESQ 451X301X15 MDP 2 OFF WHITE
757002070,LAT ESQ 451X301X15 MDP 2 PTO AC
757002108,LAT ESQ 451X301X15 MDP 2 GRAFITE
757003001,LAT DIR 451X301X15 MDP 3 BCO
757003006,LAT DIR 451X301X15 MDP 3 OFF WHITE
757003070,LAT DIR 451X301X15 MDP 3 PTO AC
757003108,LAT DIR 451X301X15 MDP 3 GRAFITE
757004001,DIV 385X298X15 MDP 4 BCO
757004006,DIV 385X298X15 MDP 4 OFF WHITE
757004070,DIV 385X298X15 MDP 4 PTO AC
757004108,DIV 385X298X15 MDP 4 GRAFITE
757005001,PRAT 370X295X15 MDP 5 BCO
757005070,PRAT 370X295X15 MDP 5 PTO AC
757005073,PRAT 370X295X15 MDP 5 CUMARU
757006001,COLMEIA 290X114X15 MDP 6 BCO
757006070,COLMEIA 290X114X15 MDP 6 PTO AC
757006073,COLMEIA 290X114X15 MDP 6 CUMARU
757007001,TAMPO 675X300X15 MDP 7 BCO
757007006,TAMPO 675X300X15 MDP 7 OFF WHITE
757007070,TAMPO 675X300X15 MDP 7 PTO AC
757007108,TAMPO 675X300X15 MDP 7 GRAFITE
757008001,REGUA 675X47X15 MDP 8 BCO
757008006,REGUA 675X47X15 MDP 8 OFF WHITE
757008070,REGUA 675X47X15 MDP 8 PTO AC
757008108,REGUA 675X47X15 MDP 8 GRAFITE
760001006,TAMPO 1250X540X25 MDF 1 OFF WHITE
760001021,TAMPO 1250X540X25 MDF 1 BCO AC
760001070,TAMPO 1250X540X25 MDF 1 PTO AC
760001108,TAMPO 1250X540X25 MDF 1 GRAFITE
760001116,TAMPO 1250X540X25 MDF 1 CINAMOMO
760002006,TRAVA 1110X200X15 MDF 2 OFF WHITE
760002021,TRAVA 1110X200X15 MDF 2 BCO AC
760002070,TRAVA 1110X200X15 MDF 2 PTO AC
760002108,TRAVA 1110X200X15 MDF 2 GRAFITE
760002116,TRAVA 1110X200X15 MDF 2 CINAMOMO
760004006,LAT ESQ 376X85X15 MDP 4 OFF WHITE
760004021,LAT ESQ 376X85X15 MDP 4 BCO AC
760004070,LAT ESQ 376X85X15 MDP 4 PTO AC
760004108,LAT ESQ 376X85X15 MDP 4 GRAFITE
760004116,LAT ESQ 376X85X15 MDP 4 CINAMOMO
760005006,LAT DIR 376X85X15 MDP 5 OFF WHITE
760005021,LAT DIR 376X85X15 MDP 5 BCO AC
760005070,LAT DIR 376X85X15 MDP 5 PTO AC
760005108,LAT DIR 376X85X15 MDP 5 GRAFITE
760005116,LAT DIR 376X85X15 MDP 5 CINAMOMO
760006006,FRENTE GAV 900X90X15 MDF 6 OFF WHITE
760006021,FRENTE GAV 900X90X15 MDF 6 BCO AC
760006070,FRENTE GAV 900X90X15 MDF 6 PTO AC
760006108,FRENTE GAV 900X90X15 MDF 6 GRAFITE
760006116,FRENTE GAV 900X90X15 MDF 6 CINAMOMO
760007006,LAT GAV 300X75X15 MDP 7 OFF WHITE
760007021,LAT GAV 300X75X15 MDP 7 BCO AC
760007070,LAT GAV 300X75X15 MDP 7 PTO AC
760007108,LAT GAV 300X75X15 MDP 7 GRAFITE
760007116,LAT GAV 300X75X15 MDP 7 CINAMOMO
760008100,TRAVA GAV 300X70X12 MDP 8
760009006,C F GAV 810X75X15 MDP 9 OFF WHITE
760009021,C F GAV 810X75X15 MDP 9 BCO AC
760009070,C F GAV 810X75X15 MDP 9 PTO AC
760009108,C F GAV 810X75X15 MDP 9 GRAFITE
760009116,C F GAV 810X75X15 MDP 9 CINAMOMO
761001006,TAMPO 710X350X25 MDF 1 OFF WHITE
761001021,TAMPO 710X350X25 MDF 1 BCO AC
761001070,TAMPO 710X350X25 MDF 1 PTO AC
761001108,TAMPO 710X350X25 MDF 1 GRAFITE
761001116,TAMPO 710X350X25 MDF 1 CINAMOMO
761002006,LAT ESQ 1740X330X15 MDP 2 OFF WHI
761002021,LAT ESQ 1740X330X15 MDP 2 BCO AC
761002070,LAT ESQ 1740X330X15 MDP 2 PTO AC
761002108,LAT ESQ 1740X330X15 MDP 2 GRAFITE
761002116,LAT ESQ 1740X330X15 MDP 2 CINAMOMO
761003006,PRAT MENOR 320X200X15 MDP 3 OFF W
761003021,PRAT MENOR 320X200X15 MDP 3 BCO AC
761003070,PRAT MENOR 320X200X15 MDP 3 PTO AC
761003108,PRAT MENOR 320X200X15 MDP 3 GRAFIT
761003116,PRAT MENOR 320X200X15 MDP 3 CINAMO
761004006,DIV 674X325X15 MDP 4 OFF WHITE
761004021,DIV 674X325X15 MDP 4 BCO AC
761004070,DIV 674X325X15 MDP 4 PTO AC
761004108,DIV 674X325X15 MDP 4 GRAFITE
761004116,DIV 674X325X15 MDP 4 CINAMOMO
761005006,PRAT MAIOR 425X320X15 MDP 5 OFF W
761005021,PRAT MAIOR 425X320X15 MDP 5 BCO AC
761005070,PRAT MAIOR 425X320X15 MDP 5 PTO AC
761005108,PRAT MAIOR 425X320X15 MDP 5 GRAFIT
761005116,PRAT MAIOR 425X320X15 MDP 5 CINAMO
761006006,PRAT SUP 640X329X15 MDP 6 OFF WHIT
761006021,PRAT SUP 640X329X15 MDP 6 BCO AC
761006070,PRAT SUP 640X329X15 MDP 6 PTO AC
761006108,PRAT SUP 640X329X15 MDP 6 GRAFITE
761006116,PRAT SUP 640X329X15 MDP 6 CINAMOMO
761007006,PRAT INF 640X329X15 MDP 7 OFF WHI
761007021,PRAT INF 640X329X15 MDP 7 BCO AC
761007070,PRAT INF 640X329X15 MDP 7 PTO AC
761007108,PRAT INF 640X329X15 MDP 7 GRAFITE
761007116,PRAT INF 640X329X15 MDP 7 CINAMOMO
761008006,BATENTE PTA 640X50X15 MDP 8 OFF WH
761008021,BATENTE PTA 640X50X15 MDP 8 BCO AC
761008070,BATENTE PTA 640X50X15 MDP 8 PTO AC
761008108,BATENTE PTA 640X50X15 MDP 8 GRAFIT
761008116,BATENTE PTA 640X50X15 MDP 8 CINAMO
761009006,LAT DIR 1740X330X15 MDP 9 OFF WHIT
761009021,LAT DIR 1740X330X15 MDP 9 BCO AC
761009070,LAT DIR 1740X330X15 MDP 9 PTO AC
761009108,LAT DIR 1740X330X15 MDP 9 GRAFITE
761009116,LAT DIR 1740X330X15 MDP 9 CINAMOMO
761010006,BASE 680X335X15 MDP 10 OFF WHITE
761010021,BASE 680X335X15 MDP 10 BCO AC
761010070,BASE 680X335X15 MDP 10 PTO AC
761010108,BASE 680X335X15 MDP 10 GRAFITE
761010116,BASE 680X335X15 MDP 10 CINAMOMO
761011006,PORTA ESQ 355X316X15 MDP 11 OFF WH
761011021,PORTA ESQ 355X316X15 MDP 11 BCO AC
761011070,PORTA ESQ 355X316X15 MDP 11 PTO AC
761011108,PORTA ESQ 355X316X15 MDP 11 GRAFIT
761011116,PORTA ESQ 355X316X15 MDP 11 CINAMO
761012006,PORTA DIR 355X316X15 MDP 12 OFF WH
761012021,PORTA DIR 355X316X15 MDP 12 BCO AC
761012070,PORTA DIR 355X316X15 MDP 12 PTO AC
761012108,PORTA DIR 355X316X15 MDP 12 GRAFIT
761012116,PORTA DIR 355X316X15 MDP 12 CINAMO
763001111,PAINEL P FIO 2500X448X12 MDP ALECM
763001116,PAINEL P FIO 2500X448X12 MDP 1 CIN
763002111,PAINEL 2500X448X12 MDP 2 ALECRIM
763002116,PAINEL 2500X448X12 MDP 2 CINAMOMO
763003111,RIPA ACAB 2500X48X12 MDF 3 ALECRIM
763003116,RIPA ACAB 2500X48X12 MDF 3 CINAMOM
763004100,SUP PAREDE 400X60X15 MDP 4
763005111,MOLD LAT 2500X34X12 MDP 5 ALECRIM
763005116,MOLD LAT 2500X34X12 MDP 5 CINAMOMO
763006100,SUP PAREDE 2100X60X15 MDP 6
763007111,PRAT 2000X200X20 MDF 7 ALECRIM
763007116,PRAT 2000X200X20 MDF 7 CINAMOMO
763008100,GABARITO 890X34X15 MDP 8
763009111,RIPA 2500X48X12 MDF ALECRIM
763009116,RIPA 2500X48X12 MDF CINAMOMO
763010111,RIPA P FIO 1380X48X12 MDF ALECRIM
763010116,RIPA P FIO 1380X48X12 MDF CINAMO
763011111,RIPA P FIO 490X48X12 MDF ALECRIM
763011116,RIPA P FIO 490X48X12 MDF CINAMOMO
763012006,TAMPO 2000X315X20 MDF 12 OFF WHITE
763012116,TAMPO 2000X315X20 MDF 12 CINAMOMO
763013006,LAT ESQ 279X130X15 MDP 13 OFF WHITE
763013116,LAT ESQ 279X130X15 MDP 13 CINAMOMO
763014006,DIV 262X130X15 MDP 14 OFF WHITE
763014116,DIV 262X130X15 MDP 14 CINAMOMO
763015006,LAT DIR 279X130X15 MDP 15 OFF WHITE
763015116,LAT DIR 279X130X15 MDP 15 CINAMOMO
763016100,SUP NICHO 1810X55X15 MDP 16
763017006,BASE 1960X280X15 MDP 17 OFF WHITE
763017116,BASE 1960X280X15 MDP 17 CINAMOMO
763018006,FTE GAV DIR 660X155X15 MDP 18 OFF WHITE
763018116,FTE GAV DIR 660X155X15 MDP 18 CINAMOMO
763019006,FTE GAV CTL 642X155X15 MDP 19 OFF WHITE
763019116,FTE GAV CTL 642X155X15 MDP 19 CINAMOMO
763020006,FTE GAV ESQ 660X155X15 MDP 20 OFF WHITE
763020116,FTE GAV ESQ 660X155X15 MDP 20 CINAMOMO
763021006,LAT GAV 240X100X12 MDP 21 OFF WHITE
763021116,LAT GAV 240X100X12 MDP 21 CINAMOMO
763022006,C F GAV 605X90X12 MDP 22 OFF WHITE
763022116,C F GAV 605X90X12 MDP 22 CINAMOMO
763023100,SUP NICHO 1360X55X15 MDP 16
763024006,BASE 1560X280X15 MDP 17 OFF WHITE
763024116,BASE 1560X280X15 MDP 17 CINAMOMO
763025006,FTE GAV DIR 523X155X15 MDP 18 OFF WHITE
763025116,FTE GAV DIR 523X155X15 MDP 18 CINAMOMO
763026006,FTE GAV ESQ 523X155X15 MDP 20 OFF WHITE
763026116,FTE GAV ESQ 523X155X15 MDP 20 CINAMOMO
763027006,TAMPO 1600X315X20 MDF 12 OFF WHITE
763027116,TAMPO 1600X315X20 MDF 12 CINAMOMO
763028006,C F GAV 472X90X12 MDP 22 OFF WHITE
763028116,C F GAV 472X90X12 MDP 22 CINAMOMO
763029116,PAINEL P FIO 1800X448X12 MDP 1 CIN
763029133,PAINEL P FIO 1800X448X12 MDP 1 IMB
763030116,PAINEL 1800X448X12 MDP 2 CINAMOMO
763030133,PAINEL 1800X448X12 MDP 2 IMBUIA
763031116,RIPA ACAB 1800X48X12 MDF 3 CINAMOM
763031133,RIPA ACAB 1800X48X12 MDF 3 IMBUIA
763032116,MOLD LAT 1800X34X12 MDP 5 CINAMOMO
763032133,MOLD LAT 1800X34X12 MDP 5 IMBUIA
763033116,RIPA 1800X48X12 MDF CINAMOMO
763033133,RIPA 1800X48X12 MDF IMBUIA
763034116,RIPA P FIO 865X48X12 MDF CINAMOMO
763034133,RIPA P FIO 865X48X12 MDF IMBUIA
763035116,RIPA P FIO 525X48X12 MDF CINAMOMO
763035133,RIPA P FIO 525X48X12 MDF IMBUIA
763036116,RIPA P FIO 270X48X12 MDF CINAMOMO
763036133,RIPA P FIO 270X48X12 MDF IMBUIA
763037006,FTE GAV CENTRAL 509X155X15 MDP 19 OFF WH
763037116,FTE GAV CENTRAL 509X155X15 MDP 19 CINAMO
763050100,SUP PAREDE 1700X60X15 MDP 6
763051111,PRAT 1600X200X20 MDF 7 ALECRIM
763051116,PRAT 1600X200X20 MDF 7 CINAMOM
763051133,PRAT 1600X200X20 MDF 7 IMBUIA
763052100,SUP PAREDE 400X60X15 MDP 6
763053100,SUP PAREDE 850X60X15 MDP 6
763054100,SUP PAREDE 1260X60X15 MDP 6
763055116,PRAT 1200X200X20 MDF 7 CINAMOMO
763056006,TAMPO 1200X315X20 MDF 12 OFF WHITE
763056116,TAMPO 1200X315X20 MDF 12 CINAMOMO
763057006,DIV 279X130X15 MDP 14 OFF WHITE
763057116,DIV 279X130X15 MDP 14 CINAMOMO
763058006,BASE 1160X280X15 MDP 17 OFF WHITE
763058116,BASE 1160X280X15 MDP 17 CINAMOMO
763059006,FTE GAV DIR 390X155X15 MDP 18 OFF WHITE
763059116,FTE GAV DIR 390X155X15 MDP 18 CINAMOMO
763060006,FTE GAV CTL 376X155X15 MDP 19 OFF WHITE
763060116,FTE GAV CTL 376X155X15 MDP 19 CINAMOMO
763061006,FTE GAV ESQ 390X155X15 MDP 20 OFF WHITE
763061116,FTE GAV ESQ 390X155X15 MDP 20 CINAMOMO
763062006,C F GAV 338X100X12 MDP 22 OFF WHITE
763062116,C F GAV 338X100X12 MDP 22 CINAMOMO
764001100,TAMPO 580X580X12 MDP
765001100,TAMPO 670X670X12 MDP
766001100,TAMPO 530X530X12 MDP
767001100,TAMPO 440X440X12 MDP
770001116,TAMPO 900X380X25 MDP 1 CINAMOMO
770002006,LAT ESQ 380X360X15 MDP 2 OFF W
770002021,LAT ESQ 380X360X15 MDP 2 BCO A
770002070,LAT ESQ 380X360X15 MDP 2 PTO AC
770002111,LAT ESQ 380X360X15 MDP 2 ALECR
770002116,0.9/1.4/1.6 LAT ESQ 380X360X15 MDP 2 CINAMO
770003006,DIV 380X360X15 MDP 3 OFF WHITE
770003021,DIV 380X360X15 MDP 3 BCO AC
770003070,DIV 380X360X15 MDP 3 PTO AC
770003111,DIV 380X360X15 MDP 3 ALECRIM
770003116,1.4/1.6 DIV 380X360X15 MDP 3 CINAMOMO
770004006,PRAT 515X358X15 MDP 4 OFF WHITE
770004021,PRAT 515X358X15 MDP 4 BCO AC
770004111,PRAT 515X358X15 MDP 4 ALECRIM
770004116,0.9 PRAT 515X358X15 MDP 4 CINAMOMO
770005006,LAT DIR 380X360X15 MDP 5 OFF
770005021,LAT DIR 380X360X15 MDP 5 BCOAC
770005070,LAT DIR 380X360X15 MDP 5 PTO AC
770005111,LAT DIR 380X360X15 MDP 5 ALECR
770005116,0.9/1.4/1.6 LAT DIR 380X360X15 MDP 5 CINAMO
770006006,BASE 900X380X15 MDP 6 OFF WHITE
770006021,BASE 900X380X15 MDP 6 BCO AC
770006111,BASE 900X380X15 MDP 6 ALECRIM
770006116,0.9 BASE 900X380X15 MDP 6 CINAMOMO
770007006,PTA 374X335X15 MDP 7 OFF WHITE
770007021,PTA 374X335X15 MDP 7 BCO AC
770007111,PTA 374X335X15 MDP 7 ALECRIM
770007116,0.9/1.4 PTA 374X335X15 MDP 7 CINAMOMO
770008006,PTA BASC 527X250X15 MDP 8 OFF WHITE
770008021,PTA BASC 527X250X15 MDP 8 BCO AC
770008111,PTA BASC 527X250X15 MDP 8 ALECRIM
770008116,0.9 PTA BASC 527X250X15 MDP 8 CINAMOMO
770009116,TAMPO 1360X380X25 MDP 1 CINAMOMO
770010070,TAMPO 1600X380X25 MDP 1 PTO AC
770010116,TAMPO 1600X380X25 MDP 1 CINAMOMO
770011006,PRAT 639X358X15 MDP 4 OFF WHITE
770011021,PRAT 639X358X15 MDP 4 BCO AC
770011111,PRAT 639X358X15 MDP 4 ALECRIM
770011116,1.4 PRAT 639X358X15 MDP 4 CINAMOMO
770012006,PRAT 768X358X15 MDP 4 OFF WHITE
770012021,PRAT 768X358X15 MDP 4 BCO AC
770012070,PRAT 768X358X15 MDP 4 PTO AC
770012111,PRAT 768X358X15 MDP 4 ALECRIM
770012116,1.6 PRAT 768X358X15 MDP 4 CINAMOMO
770013100,TRAV TRAS 625X55X18 MDF 11
770014006,BASE 1360X380X15 MDP 6 OFF WHITE
770014021,BASE 1360X380X15 MDP 6 BCO AC
770014111,BASE 1360X380X15 MDP 6 ALECRIM
770014116,1.4 BASE 1360X380X15 MDP 6 CINAMOMO
770015006,BASE 1600X380X15 MDP 6 OFF WHITE
770015021,BASE 1600X380X15 MDP 6 BCO AC
770015070,BASE 1600X380X15 MDP 6 PTO AC
770015111,BASE 1600X380X15 MDP 6 ALECRIM
770015116,1.6 BASE 1600X380X15 MDP 6 CINAMOMO
770016006,PTA 390X374X15 MDP 7 OFF WHITE
770016021,PTA 390X374X15 MDP 7 BCO AC
770016070,PTA 390X374X15 MDP 7 PTO AC
770016111,PTA 390X374X15 MDP 7 ALECRIM
770016116,1.6 PTA 390X374X15 MDP 7 CINAMOMO
770017006,PTA BASC 651X250X15 MDP 8 OFF WHITE
770017021,PTA BASC 651X250X15 MDP 8 BCO AC
770017111,PTA BASC 651X250X15 MDP 8 ALECRIM
770017116,1.4 PTA BASC 651X250X15 MDP 8 CINAMOMO
770018006,PTA BASC 780X250X15 MDP 8 OFF WHITE
770018021,PTA BASC 780X250X15 MDP 8 BCO AC
770018070,PTA BASC 780X250X15 MDP 8 PTO AC
770018111,PTA BASC 780X250X15 MDP 8 ALECRIM
770018116,1.6 PTA BASC 780X250X15 MDP 8 CINAMOMO
770019100,TRAV TRAS 1090X55X18 MDF 11
770020100,TRAV TRAS 1330X55X18 MDF 11
770021006,DIV 380X360X15 MDP 16 OFF WHITE
770021021,DIV 380X360X15 MDP 16 BCO AC
770021111,DIV 380X360X15 MDP 16 ALECRIM
770021116,0.9 DIV 380X360X15 MDP 16 CINAMOMO
773001006,PNL INF 1600X540X15 MDP 1 OFF W
773001021,PNL INF 1600X540X15 MDP 1 BCO AC
773001116,PNL INF 1600X540X15 MDP 1 CINAMO
773002006,ENCH TRAS 1070X70X15 MDP 2 OFF
773002021,ENCH TRAS 1070X70X15 MDP 2 BCO A
773002116,ENCH TRAS 1070X70X15 MDP 2 CINAM
773003006,PNL SUP 1600X540X15 MDP 3 OFF W
773003021,PNL SUP 1600X540X15 MDP 3 BCO AC
773003116,PNL SUP 1600X540X15 MDP 3 CINAMO
773004006,PRAT 1510X150X25 MDP 4 OFF WHIT
773004021,PRAT 1510X150X25 MDP 4 BCO AC
773004116,PRAT 1510X150X25 MDP 4 CINAMOMO
773005100,SUP MAIOR 1360X70X15 MDP 5
773006100,SUP MENOR 400X70X15 MDP 6
775001001,TAMPO 620X410X15 MDF 1 BCO
775002001,LAT ESQ 910X380X15 MDP 2 BCO
775003001,RODAPE FRT 580X70X15 MDP 3 BCO
775004001,RODAPE TRAS 580X70X15 MDP 4 BCO
775005001,TRAVA 580X70X15 MDP 5 BCO
775006001,LAT DIR 910X380X15 MDP 6 BCO
775013001,FTE GAV 595X205X15 MDP 13 BCO
775013004,FTE GAV 595X205X15 MDP 13 ROSA
775013071,FTE GAV 595X205X15 MDP 13 AZUL
775014001,LAT GAV 360X130X12 MDP 14 BCO
775015001,C F GAV 531X100X12 MDP 15 BCO
777001070,TAMPO 1290X450X15 1 PTO AC
777001130,TAMPO 1290X450X15 1 PTO AC/AZUL
777001131,TAMPO 1290X450X15 1 PTO AC/VERMELHO
777002070,LAT INT DIR 710X445X15 2 PTO AC
777002100,LAT INT DIR 710X445X15 2
777002130,LAT INT DIR 710X445X15 2 PTO AC/AZUL
777002131,LAT INT DIR 710X445X15 2 PTO AC/VERMELHO
777003070,LAT INT ESQ 710X445X15 3 PTO AC
777003100,LAT INT ESQ 710X445X15 3
777003130,LAT INT ESQ 710X445X15 3 PTO AC/AZUL
777003131,LAT INT ESQ 710X445X15 3 PTO AC/VERMELHO
777004070,BASE 435X250X15 4 PTO AC
777004130,BASE 435X250X15 4 PTO AC/AZUL
777004131,BASE 435X250X15 4 PTO AC/VERMELHO
777005070,PRAT 390X250X15 5 PTO AC
777005130,PRAT 390X250X15 5 PTO AC/AZUL
777005131,PRAT 390X250X15 5 PTO AC/VERMELHO
777006070,RODAPE LAT 415X70X15 6 PTO AC
777006130,RODAPE LAT 415X70X15 6 PTO AC/AZUL
777006131,RODAPE LAT 415X70X15 6 PTO AC/VERMELHO
777007070,RODAPE FRONTAL 245X70X15 7 PTO AC
777007130,RODAPE FRONTAL 245X70X15 7 PTO AC/AZUL
777007131,RODAPE FRONTAL 245X70X15 7 PTO AC/VERMELHO
777008070,TRAVA 1300X300X15 8 PTO AC
777009070,LAT EXT DIR 850X260X15 9 PTO AC
777009100,LAT EXT DIR 850X260X15 9
777009130,LAT EXT DIR 850X260X15 9 PTO AC/AZUL
777009131,LAT EXT DIR 850X260X15 9 PTO AC/VERMELHO
777010070,LAT EXT ESQ 850X260X15 10 PTO AC
777010100,LAT EXT ESQ 850X260X15 10
777010130,LAT EXT ESQ 850X260X15 10 PTO AC/AZUL
777010131,LAT EXT ESQ 850X260X15 10 PTO AC/VERMELHO
777011070,TAMPO SUP 1340X250X15 11 PTO AC
777011130,TAMPO SUP 1340X250X15 11 PTO AC/AZUL
777011131,TAMPO SUP 1340X250X15 11 PTO AC/VERMELHO
777020100,PERFIL PAPEL CARTAO 90(CANT EMB)
778001001,BASE 380X330X15 MDP 1 BCO
778001070,BASE 380X330X15 MDP 1 PTO AC
778001116,BASE 380X330X15 MDP 1 CINAMOMO
778002001,LAT DIR/ESQ 328X215X15 MDP 2 BCO
778002006,LAT DIR/ESQ 328X215X15 MDP 2 OFF WHITE
778002070,LAT DIR/ESQ 328X215X15 MDP 2 PTO AC
778002108,LAT DIR/ESQ 328X215X15 MDP 2 GRAFITE
778004001,TAMPO 380X330X15 MDP 4 BCO
778004070,TAMPO 380X330X15 MDP 4 PTO AC
778004116,TAMPO 380X330X15 MDP 4 CINAMOMO
778005001,FUNDO SUP 378X265X15 MDP 5 BCO
778005006,FUNDO SUP 378X265X15 MDP 5 OFF WHITE
778005070,FUNDO SUP 378X265X15 MDP 5 PTO AC
778005108,FUNDO SUP 378X265X15 MDP 5 GRAFITE
778006001,PRAT 370X150X15 MDP 6 BCO
778006070,PRAT 370X150X15 MDP 6 PTO AC
778006116,PRAT 370X150X15 MDP 6 CINAMOMO
778007001,FRENTE GAV 340X120X15 MDP 7 BCO
778007006,FRENTE GAV 340X120X15 MDP 7 OFF WHITE
778007070,FRENTE GAV 340X120X15 MDP 7 PTO AC
778007108,FRENTE GAV 340X120X15 MDP 7 GRAFITE
778008001,C F GAV 313X77X15 MDP 8 BCO
780001001,BASE 435X360X15 MDP 1 BCO
780001006,BASE 435X360X15 MDP 1 OFF WHITE
780001070,BASE 435X360X15 MDP 1 PTO AC
780001116,BASE 435X360X15 MDP 1 CINAMOMO
780002001,LAT ESQ 370X358X15 MDP 2 BCO
780002006,LAT ESQ 370X358X15 MDP 2 OFF WHITE
780002070,LAT ESQ 370X358X15 MDP 2 PTO AC
780003001,LAT DIR 370X358X15 MDP 3 BCO
780003006,LAT DIR 370X358X15 MDP 3 OFF WHITE
780003070,LAT DIR 370X358X15 MDP 3 PTO AC
780004001,TAMPO 435X360X15 MDP 4 BCO
780004006,TAMPO 435X360X15 MDP 4 OFF WHITE
780004070,TAMPO 435X360X15 MDP 4 PTO AC
780004116,TAMPO 435X360X15 MDP 4 CINAMOMO
780005001,TRAVA 395X70X15 MDP 5 BCO
780005006,TRAVA 395X70X15 MDP 5 OFF WHITE
780005070,TRAVA 395X70X15 MDP 5 PTO AC
780005116,TRAVA 395X70X15 MDP 5 CINAMOMO
780007001,FRENTE GAV 390X172X15 MDP 7 BCO
780007006,FRENTE GAV 390X172X15 MDP 7 OFF WHITE
780007070,FRENTE GAV 390X172X15 MDP 7 PTO AC
780007073,FRENTE GAV 390X172X15 MDP 7 CUMARU
780008001,LAT GAV 300X120X12 MDP 8 BCO
780009001,C F GAV 345X120X12 MDP 9 BCO
781001001,RODAPE 606X100X12 MDP 1 BCO
781001070,RODAPE 606X100X12 MDP 1 PTO AC
781001073,RODAPE 606X100X12 MDP 1 CUMARU
781002100,RODAPE TRAS 606X100X12 MDP 2
781003001,LAT DIR 1750X335X12 MDP 3 BCO
781003134,LAT DIR 1750X335X12 MDP 3 PTO AC/BCO
781003135,LAT DIR 1750X335X12 MDP 3 CUMARU/BCO
781004001,LAT ESQ 1750X335X12 MDP 4 BCO
781004134,LAT ESQ 1750X335X12 MDP 4 PTO AC/BCO
781004135,LAT ESQ 1750X335X12 MDP 4 CUMARU/BCO
781005001,TAMPO/BASE 606X334X12 MDP 5 BCO
781006001,PRAT CENTRAL 606X334X12 MDP 6 BCO
781009001,VISTA FRONTAL 630X80X12 MDP 9 BCO
781009070,VISTA FRONTAL 630X80X12 MDP 9 PTO AC
781009073,VISTA FRONTAL 630X80X12 MDP 9 CUMARU
781010001,PRAT 606X334X12 MDP 10 BCO
781011001,PORTA C/CHAVE 1560X307X12 MDP 11 BCO
781011134,PORTA C/CHAVE 1560X307X12 MDP 11 PTO AC/BCO
781011135,PORTA C/CHAVE 1560X307X12 MDP 11 CUMARU/BCO
781011136,PORTA C/CHAVE 1560X307X12 MDP 11 OFF/BCO
781012001,PORTA 1560X307X12 MDP 12 BCO
781012134,PORTA 1560X307X12 MDP 12 PTO AC/BCO
781012135,PORTA 1560X307X12 MDP 12 CUMARU/BCO
781012136,PORTA 1560X307X12 MDP 12 OFF/BCO
782001001,RODAPE 510X75X12 MDP 1 BCO
782001070,RODAPE 510X75X12 MDP 1 PTO AC
782001073,RODAPE 510X75X12 MDP 1 CUMARU
782002100,RODAPE TRAS 510X75X12 MDP 2
782003001,LAT ESQ 1780X285X12 MDP 3 BCO
782003134,LAT ESQ 1780X285X12 MDP 3 PTO AC/BCO
782003135,LAT ESQ 1780X285X12 MDP 3 CUMARU/BCO
782004001,LAT DIR 1780X285X12 MDP 4 BCO
782004134,LAT DIR 1780X285X12 MDP 4 PTO AC/BCO
782004135,LAT DIR 1780X285X12 MDP 4 CUMARU/BCO
782005001,TAMPO/BASE/PRAT 510X284X12 MDP 5 BCO
782006001,VISTA FRONTAL 510X75X12 MDP 6 BCO
782006070,VISTA FRONTAL 510X75X12 MDP 6 PTO AC
782006073,VISTA FRONTAL 510X75X12 MDP 6 CUMARU
782009001,PRAT 510X284X12 MDP 9 BCO
782010001,PORTA 1630X257X12 MDP 10 BCO
782010006,PORTA 1630X257X12 MDP 10 OFF WHITE
782010134,PORTA 1630X257X12 MDP 10 PTO AC/BCO
782010135,PORTA 1630X257X12 MDP 10 CUMARU/BCO
783001006,1.8 TAMPO 1765X427X15 MDF 1 OFF
783001073,1.8 TAMPO 1765X427X15 MDF 1 CUMARU
783001116,1.8 TAMPO 1765X427X15 MDF 1 CINAMOMO
783002006,LAT EXT ESQ 600X383X15 MDF 2 OFF WHITE
783003006,LAT INT ESQ 550X425X15 MDP 3 OFF WHITE
783004006,1.8 PRAT 820X400X15 MDP 4 OFF
783005006,1.6/1.8 DIV 550X425X15 MDP 5 OFF
783006006,LAT INT DIR 550X425X15 MDP 6 OFF WHITE
783007006,LAT EXT DIR 600X383X15 MDF 7 OFF WHITE
783008006,1.8 BASE 1800X445X15 MDF 8 OFF
783009006,1.8 MOLD 1765X34X15 MDP 9 OFF
783009100,1.8 MOLD 1765X72X15 MDP 9
783010006,1.8 PORTA DIR 597X415X15 MDF 10 OFF
783011006,1.6 TAMPO 1565X427X15 MDF 1 OFF
783011073,1.6 TAMPO 1565X427X15 MDF 1 CUMARU
783011116,1.6 TAMPO 1565X427X15 MDF 1 CINAMOMO
783012006,0.9/1.2/1.6 PRAT 720X400X15 MDP 4 OFF
783013006,1.6 BASE 1600X445X15 MDF 8 OFF
783014006,1.6 MOLD 1565X34X15 MDP 9 OFF
783014100,1.6 MOLD 1565X72X15 MDP 9
783015006,PORTA DIR 597X365X15 MDF 10 OFF WHITE
783016006,CANTO CURVO 600MM DIR OFF WHITE
783017006,CANTO CURVO 600MM ESQ OFF WHITE
783018006,1.8 PORTA ESQ 597X415X15 MDF 20 OFF
783019006,PORTA ESQ 597X365X15 MDF 20 OFF
783020006,0.9 TAMPO 829X427X15 MDF 1 OFF WHITE
783020073,0.9 TAMPO 835X430X15 MDF 1 CUMARU
783020116,0.9 TAMPO 835X430X15 MDF 1 CINAMOMO
783021006,0.9 BASE 865X445X15 MDF 8 OFF WHITE
783022006,0.9 MOLD 829X34X15 MDP 9 OFF WHITE
783022100,0.9 MOLD 829X72X15 MDP 9
783023006,1.2 TAMPO 1197X427X15 MDF 1 OFF WHITE
783023073,1.2 TAMPO 1197X427X15 MDF 1 CUMARU
783023116,1.2 TAMPO 1197X427X15 MDF 1 CINAMOMO
783024006,1.2 DIV 550X425X15 MDP 5A OFF WHITE
783025006,1.2 BASE 1233X445X15 MDF 8 OFF WHITE
783026006,1.2 MOLD 1197X34X15 MDP 9 OFF WHITE
783026100,1.2 MOLD 1197X72X15 MDP 9
783027006,1.2 PRAT MENOR 353X400X15 MDP 21 OFF
784001006,TAMPO 900X415X25 MDF 1 OFF
784002006,LAT ESQ 1350X335X15 MDP 2 OFF
784003006,LAT DIR 1350X335X15 MDP 3 OFF
784004006,BASE 870X400X15 MDF 4 OFF
784005006,FUNDO 850X341X6 MDF 5 OFF
784006100,CALCO P/EMBAL 1350X37X15 MDP
784007006,CANTO CURVO 1350MM MDF OFF WHITE
785001006,1.8 TAMPO 1765X362X15 MDF 1 OFF WHITE
785001073,1.8 TAMPO 1765X362X15 MDF 1 CUMARU
785001116,1.8 TAMPO 1765X362X15 MDF 1 CINAMOMO
785002006,1.6/1.8/2.2 LAT E ESQ 380X318X15 MDF 2 OFF
785002070,1.6/1.8/2.2 LAT E ESQ 380X318X15 MDF 2 PTO AC
785003006,1.6/1.8/2.2 LAT I ESQ 361X330X15 MDP 3 OFF
785003070,1.6/1.8/2.2 LAT I ESQ 361X330X15 MDP 3 PTO AC
785004006,1.8 PRAT 820X361X15 MDP 4 OFF WHITE
785005006,1.6/1.8/2.2 DIV 361X330X15 MDP 5 OFF WHITE
785005070,1.6/1.8/2.2 DIV 361X330X15 MDP 5 PTO AC
785006006,1.6/1.8/2.2 LAT I DIR 361X330X15 MDP 6 OFF
785006070,1.6/1.8/2.2 LAT I DIR 361X330X15 MDP 6 PTO AC
785007006,1.6/1.8/2.2 LAT E DIR 380X318X15 MDF 7 OFF
785007070,1.6/1.8/2.2 LAT E DIR 380X318X15 MDF 7 PTO AC
785008006,1.8 BASE 1800X380X15 MDF 8 OFF WHITE
785009006,1.8 MOLD 1765X34X15 MDP 9 OFF WHITE
785009100,1.8 MOLD 1765X34X15 MDP 9
785010006,1.8 PTA ESQ 416X377X15 MDF 10 OFF WHITE
785011006,1.8 PTA DIR 416X377X15 MDF 11 OFF WHITE
785012006,1.8 PTA MENOR DIR 416X222X15 MDF 12 OFF
785013006,2.2 TAMPO 2165X362X15 MDF 1 OFF
785013073,2.2 TAMPO 2165X362X15 MDF 1 CUMARU
785013116,2.2 TAMPO 2165X362X15 MDF 1 CINAMOMO
785014006,2.2 PRAT 1020X361X15 MDP 4 OFF WHITE
785015006,2.2 BASE 2200X380X15 MDF 8 OFF WHITE
785016006,2.2 MOLD 2165X34X15 MDP 9 OFF WHITE
785016100,2.2 MOLD 2165X72X15 MDP 9
785017006,2.2 PTA ESQ 516X377X15 MDF 10 OFF WHITE
785018006,2.2 PTA DIR 516X377X15 MDF 11 OFF WHITE
785019006,2.2 PTA MENOR DIR 516X222X15 MDF 12 OFF
785020006,1.6/1.8/2.2 CANTO CURVO 380MM DIR OFF WHITE
785020070,1.6/1.8/2.2 CANTO CURVO 380MM DIR PTO AC
785021006,1.6/1.8/2.2 CANTO CURVO 380MM ESQ OFF WHITE
785021070,1.6/1.8/2.2 CANTO CURVO 380MM ESQ PTO AC
785022006,1.8 PTA MENOR ESQ 416X222X15 MDF 20 OFF
785023006,2.2 PTA MENOR ESQ 516X222X15 MDF 20 OFF
785024006,1.6 TAMPO 1564X362X15 MDF 1 OFF WHITE
785024070,1.6 TAMPO 1564X362X15 MDF 1 PTO AC
785024073,1.6 TAMPO 1564X362X15 MDF 1 CUMARU
785024116,1.6 TAMPO 1564X362X15 MDF 1 CINAMOMO
785025006,1.6 PRAT 720X361X15 MDP 4 OFF WHITE
785025070,1.6 PRAT 720X361X15 MDP 4 PTO AC
785026006,1.6 BASE 1600X380X15 MDF 8 OFF WHITE
785026070,1.6 BASE 1600X380X15 MDF 8 PTO AC
785027006,1.6 MOLD 1564X34X15 MDP 9 OFF WHITE
785027070,1.6 MOLD 1564X34X15 MDP 9 PTO AC
785027100,1.6 MOLD 1564X34X15 MDP
785028006,1.6 PTA ESQ 366X377X15 MDF 10 OFF WHITE
785028070,1.6 PTA ESQ 366X377X15 MDF 10 PTO AC
785029006,1.6 PTA DIR 366X377X15 MDF 11 OFF WHITE
785029070,1.6 PTA DIR 366X377X15 MDF 11 PTO AC
785030006,1.6 PTA MENOR DIR 366X222X15 MDF 12 OFF WHITE
785030070,1.6 PTA MENOR DIR 366X222X15 MDF 12 PTO AC
785031006,1.6 PTA MENOR ESQ366X222X15 MDF 20 OFF WHITE
785031070,1.6 PTA MENOR ESQ366X222X15 MDF 20 PTO AC
786001006,BASE 1200X400X15 MDP 1 OFF WHITE
786001021,BASE 1200X400X15 MDP 1 BCO AC
786001116,BASE 1200X400X15 MDP 1 CINAMOMO
786002006,LAT DIR 510X380X15 MDP 2 OFF WHI
786002021,LAT DIR 510X380X15 MDP 2 BCO AC
786002116,LAT DIR 510X380X15 MDP 2 CINAMO
786003006,LAT ESQ 510X380X15 MDP 3 OFF WHI
786003021,LAT ESQ 510X380X15 MDP 3 BCO AC
786003116,LAT ESQ 510X380X15 MDP 3 CINAMO
786004006,DIV 510X380X15 MDP 4 OFF WHITE
786004021,DIV 510X380X15 MDP 4 BCO AC
786004116,DIV 510X380X15 MDP 4 CINAMOMO
786005006,PRAT MOV 767X380X15 MDP 5 OFF WI
786005021,PRAT MOV 767X380X15 MDP 5 BCO AC
786005116,PRAT MOV 767X380X15 MDP 5 CINAMO
786006073,TAMPO 1220X415X25 MDF 6 CUMARU
786006116,TAMPO 1220X415X25 MDF 6 CINAMOMO
786007006,PTA ESQ 503X388X15 MDP 7 OFF WHI
786007021,PTA ESQ 503X388X15 MDP 7 BCO AC
786007116,PTA ESQ 503X388X15 MDP 7 CINAMO
786008006,PTA DIR 503X388X15 MDP 8 OFF WHI
786008021,PTA DIR 503X388X15 MDP 8 BCO AC
786008116,PTA DIR 503X388X15 MDP 8 CINAMO
786010100,TRAV TRAS 960X55X18 MDF 10
786011006,PRAT MOV 379X368X15 MDP 11 OFF W
786011021,PRAT MOV 379X368X15 MDP11 BCO AC
786011116,PRAT MOV 379X368X15 MDP 11 CINAM
787001006,BASE 770X380X15 MDP 1 OFF WHITE
787001116,BASE 770X380X15 MDP 1 CINAMOMO
787002006,LAT ESQ 1360X370X15 MDP 2 OFF WHITE
787002116,LAT ESQ 1360X370X15 MDP 2 CINAMOMO
787003006,PRAT 720X340X15 MDP 3 OFF WHITE
787003116,PRAT 720X340X15 MDP 3 CINAMOMO
787004006,LAT DIR 1360X370X15 MDP 4 OFF WHITE
787004116,LAT DIR 1360X370X15 MDP 4 CINAMOMO
787005006,TAMPO 770X380X25 MDP 5 OFF WHITE
787005073,TAMPO 770X380X25 MDP 5 CUMARU
787005116,TAMPO 770X380X25 MDP 5 CINAMOMO
787006006,F TRAS MAIOR 735X365X6 MDF 6 OFF WHITE
787006116,F TRAS MAIOR 735X365X6 MDF 6 CINAMOMO
787007006,F TRAS MENOR 735X336X6 MDF 7 OFF WHITE
787007116,F TRAS MENOR 735X336X6 MDF 7 CINAMOMO
787008100,TRAVESSA TRASEIRA 520X55X18 MDF 15
791001006,TAMPO 800X380X15 MDP 1 OFF WHITE
791001021,TAMPO 800X380X15 MDP 1 BCO AC
791001116,TAMPO 800X380X15 MDP 1 CINAMOMO
791002006,LAT ESQ 650X378X15 MDP 2 OFF WHITE
791002021,LAT ESQ 650X378X15 MDP 2 BCO AC
791002116,LAT ESQ 650X378X15 MDP 2 CINAMOMO
791003006,PRAT MAIOR 520X377X15 MDP 3 OFF WHITE
791003021,PRAT MAIOR 520X377X15 MDP 3 BCO AC
791003116,PRAT MAIOR 520X377X15 MDP 3 CINAMOMO
791004006,DIV INF 375X220X15 MDP 4 OFF WHITE
791004021,DIV INF 375X220X15 MDP 4 BCO AC
791004116,DIV INF 375X220X15 MDP 4 CINAMOMO
791005006,DIV 650X378X15 MDP 5 OFF WHITE
791005021,DIV 650X378X15 MDP 5 BCO AC
791005116,DIV 650X378X15 MDP 5 CINAMOMO
791006006,PRAT INF 375X230X15 MDP 6 OFF WHITE
791006021,PRAT INF 375X230X15 MDP 6 BCO AC
791006116,PRAT INF 375X230X15 MDP 6 CINAMOMO
791007006,LAT DIR 650X378X15 MDP 7 OFF WHITE
791007021,LAT DIR 650X378X15 MDP 7 BCO AC
791007116,LAT DIR 650X378X15 MDP 7 CINAMOMO
791008006,BASE 800X380X15 MDP 8 OFF WHITE
791008021,BASE 800X380X15 MDP 8 BCO AC
791008116,BASE 800X380X15 MDP 8 CINAMOMO
791009006,PORTA 410X257X15 MDP 9 OFF WHITE
791009021,PORTA 410X257X15 MDP 9 BCO AC
791009116,PORTA 410X257X15 MDP 9 CINAMOMO
791010006,PAINEL INF 550X340X15 MDP 10 OFF WHITE
791010021,PAINEL INF 550X340X15 MDP 10 BCO AC
791010116,PAINEL INF 550X340X15 MDP 10 CINAMOMO
791011006,LATERAL SUP 679X125X15 MDP 11 OFF WHITE
791011021,LATERAL SUP 679X125X15 MDP 11 BCO AC
791011116,LATERAL SUP 679X125X15 MDP 11 CINAMOMO
791012006,PAINEL SUP 550X340X15 MDP 12 OFF WHITE
791012021,PAINEL SUP 550X340X15 MDP 12 BCO AC
791012116,PAINEL SUP 550X340X15 MDP 12 CINAMOMO
791013006,PAINEL DIR 680X240X15 MDF 13 OFF WHITE
791013116,PAINEL DIR 680X240X15 MDF 13 CINAMOMO
791014006,PRAT SUP 512X120X15 MDP 14 OFF WHITE
791014116,PRAT SUP 512X120X15 MDP 14 CINAMOMO
791015100,PERFIL PAPEL CARTAO 158 (CANTONEIRA EMB)
792001001,TAMPO 400X330X15 MDP 1 BCO
792001006,TAMPO 400X330X15 MDP 1 OFF WHITE
792001116,TAMPO 400X330X15 MDP 1 CINAMOMO
792002001,LAT ESQ 410X328X15 MDP 2 BCO
792002006,LAT ESQ 410X328X15 MDP 2 OFF WHITE
792002116,LAT ESQ 410X328X15 MDP 2 CINAMOMO
792003001,LAT DIR 410X328X15 MDP 3 BCO
792003006,LAT DIR 410X328X15 MDP 3 OFF WHITE
792003116,LAT DIR 410X328X15 MDP 3 CINAMOMO
792004001,BASE 400X330X15 MDP 4 BCO
792004006,BASE 400X330X15 MDP 4 OFF WHITE
792004116,BASE 400X330X15 MDP 4 CINAMOMO
792005001,RODAPE 390X50X15 MDP 5 BCO
792005006,RODAPE 390X50X15 MDP 5 OFF WHITE
792005116,RODAPE 390X50X15 MDP 5 CINAMOMO
792006001,FUNDO SUP 398X255X15 MDP 6 BCO
792006006,FUNDO SUP 398X255X15 MDP 6 OFF WHITE
792006116,FUNDO SUP 398X255X15 MDP 6 CINAMOMO
792007001,PRAT 390X150X15 MDP 7 BCO
792007006,PRAT 390X150X15 MDP 7 OFF WHITE
792007116,PRAT 390X150X15 MDP 7 CINAMOMO
792008001,FRENTE GAV 354X150X15 MDP 8 BCO
792008006,FRENTE GAV 354X150X15 MDP 8 OFF WHITE
792008116,FRENTE GAV 354X150X15 MDP 8 CINAMOMO
792009001,C F GAV 327X75X15 MDP 9 BCO
793001001,SLIM TAMPO 530X530X12 MDF 1 BRANCO
793001006,SLIM TAMPO 530X530X12 MDF 1 OFF WHITE
793001070,SLIM TAMPO 530X530X12 MDF 1 PTO AC
793001116,SLIM TAMPO 530X530X12 MDF 1 CINAMOMO
794001001,TAMPO 1500X336X15 MDP 1 BCO
794001006,TAMPO 1500X336X15 MDP 1 OFF WHITE
794001070,TAMPO 1500X336X15 MDP 1 PTO AC
794001116,TAMPO 1500X336X15 MDP 1 CINAMOMO
794002001,DIV MENOR 335X100X15 MDP 2 BCO
794002070,DIV MENOR 335X100X15 MDP 2 PTO AC
794002116,DIV MENOR 335X100X15 MDP 2 CINAMOMO
794003001,BASE CENTRAL 1500X336X15 MDP 3 BCO
794003070,BASE CENTRAL 1500X336X15 MDP 3 PTO AC
794003116,BASE CENTRAL 1500X336X15 MDP 3 CINAMO
794004001,DIV LAT 335X158X15 MDP 4 BCO
794004070,DIV LAT 335X158X15 MDP 4 PTO AC
794004116,DIV LAT 335X158X15 MDP 4 CINAMOMO
794005001,BASE INF 1500X336X15 MDP 5 BCO
794005070,BASE INF 1500X336X15 MDP 5 PTO AC
794005116,BASE INF 1500X336X15 MDP 5 CINAMOMO
794006001,FUNDO 1500X336X15 MDP 6 BCO
794006070,FUNDO 1500X336X15 MDP 6 PTO AC
794006116,FUNDO 1500X336X15 MDP 6 CINAMOMO
794007001,PORTA 490X180X15 MDP 7 BCO
794007006,PORTA 490X180X15 MDP 7 OFF WHITE
794007070,PORTA 490X180X15 MDP 7 PTO AC
794007116,PORTA 490X180X15 MDP 7 CINAMOMO
796001001,TAMPO 1360X540X15 MDP 1 BCO
796001116,TAMPO 1360X540X15 MDP 1 CINAMOMO
796002001,LAT ESQ 780X500X15MDP 2 BCO
796002006,LAT ESQ 780X500X15MDP 2 OFF WHITE
796002116,LAT ESQ 780X500X15MDP 2 CINAMOMO
796003001,PRAT/BASE ESQ 497X300X15 MDP 3 BCO
796003006,PRAT/BASE ESQ 497X300X15 MDP 3 OFF
796003116,PRAT/BASE ESQ 497X300X15 MDP 3 CINA
796004001,DIV 780X500X15MDP 4 BCO
796004006,DIV 780X500X15MDP 4 OFF WHITE
796004116,DIV 780X500X15MDP 4 CINAMOMO
796005001,LAT DIR 780X500X15MDP 5 BCO
796005006,LAT DIR 780X500X15MDP 5 OFF WHITE
796005116,LAT DIR 780X500X15MDP 5 CINAMOMO
796006001,FUNDO DIR 780X295X15 MDP 6 BCO
796006006,FUNDO DIR 780X295X15 MDP 6 OFF WHIT
796006116,FUNDO DIR 780X295X15 MDP 6 CINAMOMO
796007001,PRAT/BASE DIR 480X292X15 MDP 7 BCO
796007006,PRAT/BASE DIR 480X292X15 MDP 7 OFF
796007116,PRAT/BASE DIR 480X292X15 MDP 7 CINA
796008001,TRAVA 1005X160X15 MDP 8 BCO
796008006,TRAVA 1005X160X15 MDP 8 OFF WHITE
796008116,TRAVA 1005X160X15 MDP 8 CINAMOMO
796009001,RODAPE ESQ 300X70X15 MDP 9 BCO
796009006,RODAPE ESQ 300X70X15 MDP 9 OFF WHIT
796009116,RODAPE ESQ 300X70X15 MDP 9 CINAMOMO
796010001,RODAPE LATERAL 478X70X15 MDP 10 BCO
796010006,RODAPE LATERAL 478X70X15 MDP 10 OFF
796010116,RODAPE LATERAL 478X70X15 MDP 10 CIN
796011001,RODAPE DIR 275X70X15 MDP 11 BCO
796011006,RODAPE DIR 275X70X15 MDP 11 OFF WHT
796011116,RODAPE DIR 275X70X15 MDP 11 CINAMOM
796012100,PERFIL PAPEL CARTAO 75 (CANT EMB)
797001001,LAT ESQ 1740X320X15 MDP 1 BCO
797001006,LAT ESQ 1740X320X15 MDP 1 OFF WHITE
797001116,LAT ESQ 1740X320X15 MDP 1 CINAMOMO
797002001,TAMPO 600X318X15 MDP 2 BCO
797002116,TAMPO 600X318X15 MDP 2 CINAMOMO
797003001,PRAT 600X318X15 MDP 3 BCO
797003116,PRAT 600X318X15 MDP 3 CINAMOMO
797004001,BASE 600X318X15 MDP 4 BCO
797004116,BASE 600X318X15 MDP 4 CINAMOMO
797005001,BATENTE PTA 600X50X15 MDP 5 BCO
797005006,BATENTE PTA 600X50X15 MDP 5 OFF WHITE
797005116,BATENTE PTA 600X50X15 MDP 5 CINAMOMO
797006001,LAT DIR 1740X320X15 MDP 6 BCO
797006006,LAT DIR 1740X320X15 MDP 6 OFF WHITE
797006116,LAT DIR 1740X320X15 MDP 6 CINAMOMO
797007001,ROD/MOLD 600X63X15 MDP 7 BCO
797007006,ROD/MOLD 600X63X15 MDP 7 OFF WHITE
797007116,ROD/MOLD 600X63X15 MDP 7 CINAMOMO
797008001,PRAT MOV 600X295X15 MDP 8 BCO
797008116,PRAT MOV 600X295X15 MDP 8 CINAMOMO
797009001,PORTA 590X296X15 MDP 9 BCO
797009006,PORTA 590X296X15 MDP 9 OFF WHITE
797009116,PORTA 590X296X15 MDP 9 CINAMOMO
797010100,PERFIL PAPEL CARTAO 90 (CANT EMB)
799001006,2.0 TAMPO 2000X280X15 MDP 1 OFF WHIT
799001116,2.0 TAMPO 2000X280X15 MDP 1 CINAMOMO
799002006,LAT ESQ 279X130X15 MDP 2 OFF WHITE
799002070,LAT ESQ 279X130X15 MDP 2 PTO AC
799002116,LAT ESQ 279X130X15 MDP 2 CINAMOMO
799003006,LAT DIR 279X130X15 MDP 3 OFF WHITE
799003070,LAT DIR 279X130X15 MDP 3 PTO AC
799003116,LAT DIR 279X130X15 MDP 3 CINAMOMO
799004006,2.0 BASE 2000X280X15 MDP 4 OFF WHITE
799004116,2.0 BASE 2000X280X15 MDP 4 CINAMOMO
799005006,2.0 PORTA 680X165X15 MDP 5 OFF WHITE
799005116,2.0 PORTA 680X165X15 MDP 5 CINAMOMO
799006006,1.6 TAMPO 1600X280X15 MDP 1 OFF WHIT
799006070,1.6 TAMPO 1600X280X15 MDP 1 PTO AC
799006116,1.6 TAMPO 1600X280X15 MDP 1 CINAMOMO
799007006,1.6 BASE 1600X280X15 MDP 4 OFF WHITE
799007070,1.6 BASE 1600X280X15 MDP 4 PTO AC
799007116,1.6 BASE 1600X280X15 MDP 4 CINAMOMO
799008006,1.6 PORTA 546X165X15 MDP 5 OFF WHITE
799008070,1.6 PORTA 546X165X15 MDP 5 PTO AC
799008116,1.6 PORTA 546X165X15 MDP 5 CINAMOMO
799009006,1.2 TAMPO 1200X280X15 MDP 1 OFF WHIT
799009116,1.2 TAMPO 1200X280X15 MDP 1 CINAMOMO
799010006,1.2 BASE 1200X280X15 MDP 4 OFF WHITE
799010116,1.2 BASE 1200X280X15 MDP 4 CINAMOMO
799011006,1.2 PORTA 414X165X15 MDP 5 OFF WHITE
799011116,1.2 PORTA 414X165X15 MDP 5 CINAMOMO
799012116,PAINEL P FIO 2200X448X12 MDP 1 CINAMOMO
799013116,PAINEL 2200X448X12 MDP 2 CINAMOMO
799014116,RIPA ACAB 2200X48X12 MDF 3 CINAMOMO
799015116,MOLD LAT 2200X34X12 MDP 5 CINAMOMO
799016100,2.3 SUP PAREDE 2100X60X15 MDP 6
799017116,2.3 PRAT 2000X200X20 MDF 7 CINAMOMO
799018100,GABARITO 890X34X15 MDP 8
799019116,RIPA 2200X48X12 MDF CINAMOMO
799020116,RIPA P FIO 1230X48X12 MDF CINAMOMO
799021116,RIPA P FIO 490X48X12 MDF CINAMOMO
799022116,RIPA P FIO 340X48X12 MDF CINAMOMO
799023100,1.8 SUP PAREDE 1700X60X15 MDP 6
799024116,1.8 PRAT 1600X200X20 MDF 7 CINAMOMO
799025100,1.4 SUP PAREDE 1260X60X15 MDP 6
799026116,1.4 PRAT 1200X200X20 MDF 7 CINAMOMO
800001006,1.6 TAMPO 1360X400X15 MDP 1 OFF WHITE
800002006,1.6/1.8 LAT 400X251X15 MDP 3 OFF WHITE
800003006,1.6/1.8 DIV CENTRAL 420X380X15 MDP 4 OFF WH
800004006,1.6 PRAT 360X375X15 MDP 5 OFF WHITE
800005006,1.6/1.8 DIV DIR 420X380X15 MDP 6 OFF WHITE
800006006,1.6/1.8 DIV ESQ 420X380X15 MDP 7 OFF WHITE
800007006,1.6 BASE 1360X400X15 MDP 8 OFF WHITE
800008006,1.6/1.8 PORTA 415X398X15 MDP 9 OFF WHITE
800010006,1.6/1.8 CANTO CURVO 400XR100 OFF WHITE
800011006,1.8 TAMPO 1600X400X15 MDP 1 OFF WHITE
800012006,1.8 PRAT 480X375X15 MDP 5 OFF WHITE
800013006,1.8 BASE 1600X400X15 MDP 8 OFF WHITE
801001006,1.8 1800X400X15 MDP 1 OFF WHITE
801001116,BASE 1.8 1800X400X15 MDP 1 CINAMOMO
801002006,LAT DIR 1.6/1.8 379X200X15 MDP 2 OFF WHITE
801002116,LAT DIR 1.6/1.8 379X200X15 MDP 2 CINAMOMO
801003006,DIV 1.6/1.8 379X200X15 MDP 3 OFF WHITE
801003116,DIV 1.6/1.8 379X200X15 MDP 3 CINAMOMO
801004006,LAT ESQ 1.6/1.8 379X200X15 MDP 4 OFF WHITE
801004116,LAT ESQ 1.6/1.8 379X200X15 MDP 4 CINAMOMO
801005006,TAMPO INF 1.8 1800X380X25 MDP 5 OFF WHITE
801005116,TAMPO INF 1.8 1800X380X25 MDP 5 CINAMOMO
801006006,SUP TRAS 1.6/1.8 1590X100X15 MDP 6 OFF WHIT
801006100,SUP TRAS 1.6/1.8 1590X100X15 MDP 6
801006116,SUP TRAS 1.6/1.8 1590X100X15 MDP 6 CINAMOMO
801007006,DIV SUP 1.6/1.8 260X150X15 MDP 7 OFF WHITE
801007116,DIV SUP 1.6/1.8 260X150X15 MDP 7 CINAMOMO
801008006,TAMPO SUP 1.8 1780X285X25 MDP 8 OFF WHITE
801008116,TAMPO SUP 1.8 1780X285X25 MDP 8 CINAMOMO
801009006,PAINEL INF 1.8 1340X540X15 MDP 9 OFF WHITE
801009116,PAINEL INF 1.8 1340X540X15 MDP 9 CINAMOMO
801010006,PAINEL DIR 1.8 1620X450X15 MDF 10 OFF WHITE
801010116,PAINEL DIR 1.8 1620X450X15 MDF 10 CINAMOMO
801011006,PAINEL CENTRAL 1.8 1340X540X15 MDP 11 OFF W
801011116,PAINEL CENTRAL 1.8 1340X540X15 MDP 11 CINAM
801012006,PAINEL SUP 1.8 1340X540X15 MDP 12 OFF WHITE
801012116,PAINEL SUP 1.8 1340X540X15 MDP 12 CINAMOMO
801013006,PRAT 1.8 1600X160X25 MDP 13 OFF WHITE
801013116,PRAT 1.8 1600X160X25 MDP 13 CINAMOMO
801014006,FRENTE GAV ESQ 1.8 898X227X15 MDF 14 OFF WHI
801014100,FRENTE GAV ESQ 1.8 900X1170X15 MDF 14
801014116,FRENTE GAV ESQ 1.8 898X227X15 MDF 14 CINAMO
801015006,FRENTE GAV DIR 1.8 898X227X15 MDF 15 OFF WH
801015100,FRENTE GAV DIR 1.8 900X1405X15 MDF 15
801015116,FRENTE GAV DIR 1.8 898X227X15 MDF 15 CINAMO
801016006,LAT GAV 1.6/1.8 350X148X12 MDP 16 OFF WHITE
801016116,LAT GAV 1.6/1.8 350X148X12 MDP 16 CINAMOMO
801017006,C F GAV 1.8 850X148X12 MDP 17 OFF WHITE
801017116,C F GAV 1.8 850X148X12 MDP 17 CINAMOMO
801018100,TRAVA GAV 1.6/1.8 350X70X12 MDP 18
801019006,BASE 1.6 1600X400X15 MDP 1 OFF WHITE
801019116,BASE 1.6 1600X400X15 MDP 1 CINAMOMO
801020006,TAMPO INF 1.6 1600X380X25 MDP 5 OFF WHITE
801020116,TAMPO INF 1.6 1600X380X25 MDP 5 CINAMOMO
801021006,TAMPO SUP 1.6 1580X285X25 MDP 8 OFF WHITE
801021116,TAMPO SUP 1.6 1580X285X25 MDP 8 CINAMOMO
801022006,PAINEL INF 1.6 1210X540X15 MDP 9 OFF WHITE
801022116,PAINEL INF 1.6 1210X540X15 MDP 9 CINAMOMO
801023006,PAINEL DIR 1.6 1620X380X15 MDF 10 OFF WHITE
801023116,PAINEL DIR 1.6 1620X380X15 MDF 10 CINAMOMO
801024006,PAINEL CENTRAL 1.6 1210X540X15 MDP 11 OFF W
801024116,PAINEL CENTRAL 1.6 1210X540X15 MDP 11 CINAM
801025006,PAINEL SUP 1.6 1210X540X15 MDP 12 OFF WHITE
801025116,PAINEL SUP 1.6 1210X540X15 MDP 12 CINAMOMO
801026006,PRAT 1.6 1360X160X25 MDP 13 OFF WHITE
801026116,PRAT 1.6 1360X160X25 MDP 13 CINAMOMO
801027006,FRENTE GAV ESQ 1.6 798X227X15 MDF 14 OFF WHI
801027100,FRENTE GAV ESQ 1.6 800X1170X15 MDF 14
801027116,FRENTE GAV ESQ 1.6 798X227X15 MDF 14 CINAMO
801028006,FRENTE GAV DIR 1.6 798X227X15 MDF 15 OFF WH
801028100,FRENTE GAV DIR 1.6 800X1405X15 MDF 15
801028116,FRENTE GAV DIR 1.6 798X227X15 MDF 15 CINAMO
801029006,C F GAV 1.6 750X148X12 MDP 17 OFF WHITE
801029116,C F GAV 1.6 750X148X12 MDP 17 CINAMOMO
802001001,BASE 1100X350X15 MDP 1 BCO
802001006,BASE 1100X350X15 MDP 1 OFF WHITE
802001070,BASE 1100X350X15 MDP 1 PTO AC
802001108,BASE 1100X350X15 MDP 1 GRAFITE
802001116,BASE 1100X350X15 MDP 1 CINAMOMO
802002001,LAT ESQ 500X348X15 MDP 2 BCO
802002006,LAT ESQ 500X348X15 MDP 2 OFF WHITE
802002070,LAT ESQ 500X348X15 MDP 2 PTO AC
802002108,LAT ESQ 500X348X15 MDP 2 GRAFITE
802003001,DIV 355X325X15 MDP 3 BCO
802003006,DIV 355X325X15 MDP 3 OFF WHITE
802003070,DIV 355X325X15 MDP 3 PTO AC
802003108,DIV 355X325X15 MDP 3 GRAFITE
802004001,PRAT 345X323X15 MDP 4 BCO
802004006,PRAT 345X323X15 MDP 4 OFF WHITE
802004070,PRAT 345X323X15 MDP 4 PTO AC
802004108,PRAT 345X323X15 MDP 4 GRAFITE
802005001,LAT DIR 500X348X15 MDP 5 BCO
802005006,LAT DIR 500X348X15 MDP 5 OFF WHITE
802005070,LAT DIR 500X348X15 MDP 5 PTO AC
802005108,LAT DIR 500X348X15 MDP 5 GRAFITE
802006001,TAMPO INTERM 1065X346X15 MDP 6 BCO
802006006,TAMPO INTERM 1065X346X15 MDP 6 OFF WH
802006070,TAMPO INTERM 1065X346X15 MDP 6 PTO AC
802006108,TAMPO INTERM 1065X346X15 MDP 6 GRAFIT
802007001,DIV SUP 344X130X15 MDP 7 BCO
802007006,DIV SUP 344X130X15 MDP 7 OFF WHITE
802007070,DIV SUP 344X130X15 MDP 7 PTO AC
802007108,DIV SUP 344X130X15 MDP 7 GRAFITE
802008001,TAMPO 1100X350X15 MDP 8 BCO
802008006,TAMPO 1100X350X15 MDP 8 OFF WHITE
802008070,TAMPO 1100X350X15 MDP 8 PTO AC
802008108,TAMPO 1100X350X15 MDP 8 GRAFITE
802008116,TAMPO 1100X350X15 MDP 8 CINAMOMO
802009001,PORTA 362X350X15 MDP 9 BCO
802009006,PORTA 362X350X15 MDP 9 OFF WHITE
802009116,PORTA RIP 362X350X15 MDF 9 CINAMOMO
803001001,BASE 451X351X12 MDP 1 BCO
803001006,BASE 451X351X12 MDP 1 OFF WHITE
803001070,BASE 451X351X12 MDP 1 PTO AC
803001108,BASE 451X351X12 MDP 1 GRAFITE
803002001,LAT ESQ 350X320X12 MDP 2 BCO
803002006,LAT ESQ 350X320X12 MDP 2 OFF WHITE
803002070,LAT ESQ 350X320X12 MDP 2 PTO AC
803002108,LAT ESQ 350X320X12 MDP 2 GRAFITE
803003001,LAT DIR 350X320X12 MDP 3 BCO
803003006,LAT DIR 350X320X12 MDP 3 OFF WHITE
803003070,LAT DIR 350X320X12 MDP 3 PTO AC
803003108,LAT DIR 350X320X12 MDP 3 GRAFITE
803004001,TAMPO 451X351X12 MDP 4 BCO
803004116,TAMPO 451X351X12 MDP 4 CINAMOMO
803005001,REGUA SUP 450X50X15 MDP 5 BCO
803005116,REGUA SUP 452X50X15 MDP 5 CINAMOMO
803006001,REGUA FRONTAL 420X50X12 MDP 6 BCO
803006116,REGUA FRONTAL 420X50X12 MDP 6 CINAMOMO
803007001,FRENTE GAV 417X141X12MDP 7 BCO
803007006,FRENTE GAV 417X141X12MDP 7 OFF WHITE
803007070,FRENTE GAV 417X141X12MDP 7 PTO AC
803007108,FRENTE GAV 417X141X12MDP 7 GRAFITE
803009001,C F GAV 390X75X12MDP 9 BCO
804001006,TAMPO 1600X400X25 MDP 1 OFF WHITE
804001116,TAMPO 1600X400X25 MDP 1 CINAMOMO
804002006,LAT EXT ESQ 450X398X25 MDP 2 OFF WHI
804002116,LAT EXT ESQ 450X398X25 MDP 2 CINAMO
804003006,DIV SUP 375X120X25 MDP 3 OFF WHITE
804003116,DIV SUP 375X120X25 MDP 3 CINAMOMO
804004006,TRAVA TRAS 488X120X15 MDP 4 OFF WHIT
804004116,TRAVA TRAS 486X120X15 MDP 4 CINAMO
804005006,TAMPO GAV 1000X380X15 MDP 5 OFF WHIT
804005116,TAMPO GAV 1000X380X15 MDP 5 CINAMOMO
804006006,LAT INT ESQ 379X315X15 MDP 6 OFF WHIT
804006116,LAT INT ESQ 379X315X15 MDP 6 CINAMO
804007006,DIV INF 379X315X15 MDP 7 OFF WHITE
804007116,DIV INF 379X315X15 MDP 7 CINAMOMO
804008006,LAT INT DIR 379X315X15 MDP 8 OFF WHI
804008116,LAT INT DIR 379X315X15 MDP 8 CINAMO
804009006,LAT EXT DIR 450X398X25 MDP 9 OFF WHI
804009116,LAT EXT DIR 450X398X25 MDP 9 CINAMO
804010006,BASE 1600X400X25 MDP 10 OFF WHITE
804010116,BASE 1600X400X25 MDP 10 CINAMOMO
804011006,FRT GAV ESQ 510X335X15 MDP 11 OFF WH
804011116,FRT GAV ESQ 510X335X15 MDP 11 CINAMO
804012006,FRT GAV DIR 510X335X15 MDP 12 OFF WHI
804012116,FRT GAV DIR 510X335X15 MDP 12 CINAMO
804013006,LAT GAV 350X148X12 MDP 13 OFF WHITE
804013116,LAT GAV 350X148X12 MDP 13 CINAMOMO
804014006,C F GAV 450X148X12 MDP 14 OFF WHITE
804014116,C F GAV 450X148X12 MDP 14 CINAMOMO
804015100,TRAVA GAV 350X70X12 MDP 15
804016006,TAMPO 1800X400X25 MDP 1 OFF WHITE
804016116,TAMPO 1800X400X25 MDP 1 CINAMOMO
804017006,BASE 1800X400X25 MDP 10 OFF WHITE
804017116,BASE 1800X400X25 MDP 10 CINAMOMO
805001116,TAMPO 1600X400X15 MDP 1 CINAMOMO
805002006,LAT ESQ 420X398X15 MDP 2 OFF WHITE
805002116,LAT ESQ 420X398X15 MDP 2 CINAMOMO
805003006,PRAT MENOR 378X378X15 MDP 3 OFF WHITE
805003116,PRAT MENOR 378X378X15 MDP 3 CINAMOMO
805004006,DIV ESQ 420X380X15 MDP 4 OFF WHITE
805004116,DIV ESQ 420X380X15 MDP 4 CINAMOMO
805005006,PRAT MAIOR 779X379X15 MDP 5 OFF WHIT
805005116,PRAT MAIOR 779X379X15 MDP 5 CINAMOMO
805006006,DIV DIR 420X380X15 MDP 6 OFF WHITE
805006116,DIV DIR 420X380X15 MDP 6 CINAMOMO
805007006,LAT DIR 420X398X15 MDP 7 OFF WHITE
805007116,LAT DIR 420X398X15 MDP 7 CINAMOMO
805008006,BASE 1600X400X15 MDP 8 OFF WHITE
805008116,BASE 1600X400X15 MDP 8 CINAMOMO
805009006,PORTA 415X398X15 MDP 9 OFF WHITE
805009116,PORTA 415X398X15 MDP 9 CINAMOMO
805011100,TRAV TRAS 1360X55X18 MDF 11
805012116,TAMPO 1800X400X15 1 CINAMOMO
805013006,PRAT MENOR 478X378X15 3 OFF WHITE
805013116,PRAT MENOR 478X378X15 3 CINAMOMO
805014006,BASE 1800X400X15 8 OFF WHITE
805014116,BASE 1800X400X15 8 CINAMOMO
805015100,TRAV TRAS 1560X55X18 11 CINAMOMO
806001006,TAMPO 1200X540X25 MDP 1 OFF WHITE
806001021,TAMPO 1200X540X25 MDP 1 BCO AC
806001116,TAMPO 1200X540X25 MDP 1 CINAMOMO
806002006,LAT ESQ 400X230X15 MDP 2 OFF WHITE
806002021,LAT ESQ 400X230X15 MDP 2 BCO AC
806002116,LAT ESQ 400X230X15 MDP 2 CINAMOMO
806003006,LAT DIR 400X230X15 MDP 3 OFF WHITE
806003021,LAT DIR 400X230X15 MDP 3 BCO AC
806003116,LAT DIR 400X230X15 MDP 3 CINAMOMO
806004006,FUNDO 270X230X15 MDP 4 OFF WHITE
806004021,FUNDO 270X230X15 MDP 4 BCO AC
806004116,FUNDO 270X230X15 MDP 4 CINAMOMO
806005006,TRAVA SUP 795X200X15 MDP 5 OFF WHITE
806005021,TRAVA SUP 795X200X15 MDP 5 BCO AC
806005116,TRAVA SUP 795X200X15 MDP 5 CINAMOMO
806006006,FRT GAV 300X110X15 MDP 6 OFF WHITE
806006021,FRT GAV 300X110X15 MDP 6 BCO AC
806006116,FRT GAV 300X110X15 MDP 6 CINAMOMO
806007006,LAT GAV 290X100X12 MDP 7 OFF WHITE
806007021,LAT GAV 290X100X12 MDP 7 BCO AC
806007116,LAT GAV 290X100X12 MDP 7 CINAMOMO
806008006,C F GAV 245X100X12 MDP 8 OFF WHITE
806008021,C F GAV 245X100X12 MDP 8 BCO AC
806008116,C F GAV 245X100X12 MDP 8 CINAMOMO
806010100,APOIO MESA 360X100X15 MDP 10
806011006,TRAV SUP 1095X200X15 MDP 5 OFF WHITE
806011021,TRAV SUP1095X200X15 MDP 5 BCO AC
806011116,TRAV SUP1095X200X15 MDP 5 CINAMOMO
807001006,TAMPO 1000X540X15 MDP 1 OFF WHITE
807001021,TAMPO 1000X540X15 MDP 1 BCO AC
807001116,TAMPO 1000X540X15 MDP 1 CINAMOMO
807002006,LAT ESQ 504X95X15 MDP 2 OFF WHITE
807002021,LAT ESQ 504X95X15 MDP 2 BCO AC
807002116,LAT ESQ 504X95X15 MDP 2 CINAMOMO
807003006,LAT DIR 730X538X15 MDP 3 OFF WHITE
807003021,LAT DIR 730X538X15 MDP 3 BCO AC
807003116,LAT DIR 730X538X15 MDP 3 CINAMOMO
807004006,PRAT 535X248X15 MDP 4 OFF WHITE
807004021,PRAT 535X248X15 MDP 4 BCO AC
807004116,PRAT 535X248X15 MDP 4 CINAMOMO
807005006,FUNDO 1000X300X15 MDF 5 OFF WHITE
807005021,FUNDO 1000X300X15 MDF 5 BCO AC
807005116,FUNDO 1000X300X15 MDF 5 CINAMOMO
807006006,TRAVA TRAS 736X300X15 MDP 6 OFF WHITE
807006021,TRAVA TRAS 736X300X15 MDP 6 BCO AC
807006116,TRAVA TRAS 736X300X15 MDP 6 CINAMOMO
807007006,FRT GAV 730X90X15 MDP 7 OFF WHITE
807007021,FRT GAV 730X90X15 MDP 7 BCO AC
807007116,FRT GAV 730X90X15 MDP 7 CINAMOMO
807008006,LAT GAV 300X75X15 MDP 8 OFF WHITE
807008021,LAT GAV 300X75X15 MDP 8 BCO AC
807008116,LAT GAV 300X75X15 MDP 8 CINAMOMO
807009006,C F GAV 696X75X15 MDP 9 OFF WHITE
807009021,C F GAV 696X75X15 MDP 9 BCO AC
807009116,C F GAV 696X75X15 MDP 9 CINAMOMO
808001006,TAMPO 680X302X15 MDP 1 OFF WHITE
808001116,TAMPO 680X302X15 MDP 1 CINAMOMO
808002006,LAT ESQ 1145X300X15 MDP 2 OFF WHITE
808002116,LAT ESQ 1145X300X15 MDP 2 CINAMOMO
808003006,BASE 680X302X15 MDP 3 OFF WHITE
808003116,BASE 680X302X15 MDP 3 CINAMOMO
808004006,LAT DIR 1145X300X15 MDP 4 OFF WHITE
808004116,LAT DIR 1145X300X15 MDP 4 CINAMOMO
808005100,TRAVA TRAS 645X50X15 MDP 5
808006006,PORTA BASC 640X370X15 MDF 6 OFF WHITE
808006116,PORTA BASC 640X370X15 MDF 6 CINAMOMO
808007006,TRAV SUP 620X132X15 MDP 7 OFF WHITE
808007116,TRAV SUP 620X132X15 MDP 7 CINAMOMO
808008006,TRAV INT 620X113X15 MDP 8 OFF WHITE
808008116,TRAV INT 620X113X15 MDP 8 CINAMOMO
808009006,TRAV INF 620X70X15 MDP 9 OFF WHITE
808009116,TRAV INF 620X70X15 MDP 9 CINAMOMO
809001006,PAINEL ESQ 1800X450X15 MDP 1 OFF WHI
809001116,PAINEL ESQ 1800X450X15 MDP 1 CINAMO
809002006,PAINEL P FIO 1800X450X15 MDP 2 OFF W
809002116,PAINEL P FIO 1800X450X15 MDP 2 CINAM
809003006,PAINEL DIR 1800X450X15 MDP 3 OFF WHI
809003116,PAINEL DIR 1800X450X15 MDP 3 CINAMOM
809004100,SUP PAINEL 680X60X25 MDP 4
809005006,ENCHI LAT 1795X60X25 MDP 5 OFF WHITE
809005116,ENCHI LAT 1795X60X25 MDP 5 CINAMOMO
809006006,PRAT 1600X200X20 MDF 6 OFF WHITE
809006116,PRAT 1600X200X20 MDF 6 CINAMOMO
809007006,PRAT 1600X200X20 MDF 6 OFF WHITE
809007100,SUP PAREDE 1600X60X15 MDP 7
810001006,1.6 PAINEL SUP 1570X400X15 MDP 1 OFF WHITE
810001116,1.6 PAINEL SUP 1570X400X15 MDP 1 CINAMOMO
810002006,1.6 PAINEL CENTRAL 1570X400X15 MDP 2 OFF WHI
810002116,1.6 PAINEL CENTRAL 1570X400X15 MDP 2 CINAMOMO
810003006,1.6 PAINEL INF 1570X400X15 MDP 3 OFF WHITE
810003116,1.6 PAINEL INF 1570X400X15 MDP 3 CINAMOMO
810004006,1.6 APLIQUE 1200X300X15 MDF 4 OFF WHITE
810004116,1.6 APLIQUE 1200X300X15 MDF 4 CINAMOMO
810005006,1.6 ENCH LAT LISO 1200X40X15 MDP 5 OFF WHITE
810005116,1.6 ENCH LAT LISO 1200X40X15 MDP 5 CINAMOMO
810006006,1.6 ENCH LAT BOTAO 1200X40X15 MDP 6 OFF WHITE
810006116,1.6 ENCH LAT BOTAO 1200X40X15 MDP 6 CINAMOMO
810007100,1.6 SUP PAREDE 1040X60X15 MDP 7
810008100,1.6/1.8/2.2 REFORCO 600X60X25 MDP 8
810009006,1.8 PAINEL SUP 1770X450X15 MDP 1 OFF WHITE
810009116,1.8 PAINEL SUP 1770X450X15 MDP 1 CINAMOMO
810010006,1.8 PAINEL CENTRAL 1770X450X15 MDP 2 OFF WHIT
810010116,1.8 PAINEL CENTRAL 1770X450X15 MDP 2 CINAMOMO
810011006,1.8 PAINEL INF 1770X450X15 MDP 3 OFF WHITE
810011116,1.8 PAINEL INF 1770X450X15 MDP 3 CINAMOMO
810012006,1.8/2.2 APLIQUE 1350X300X15 MDF 4 OFF WHITE
810012116,1.8/2.2 APLIQUE 1350X300X15 MDF 4 CINAMOMO
810013006,1.8/2.2 ENCH LAT LISO 1350X40X15 MDP 5 OFF WH
810013116,1.8/2.2 ENCH LAT LISO 1350X40X15 MDP 5 CINAMO
810014006,1.8/2.2 ENCH LAT BOTAO 1350X40X15 MDP 6 OFF W
810014116,1.8/2.2 ENCH LAT BOTAO 1350X40X15 MDP 6 CINAM
810015100,1.8 SUP PAREDE 1350X60X15 MDP 7
810016006,2.2 PAINEL SUP 2170X450X15 MDP 1 OFF WHITE
810016116,2.2 PAINEL SUP 2170X450X15 MDP 1 CINAMOMO
810017006,2.2 PAINEL CENTRAL 2170X450X15 MDP 2 OFF WHIT
810017116,2.2 PAINEL CENTRAL 2170X450X15 MDP 2 CINAMOMO
810018006,2.2 PAINEL INF 2170X450X15 MDP 3 OFF WHITE
810018116,2.2 PAINEL INF 2170X450X15 MDP 3 CINAMOMO
810019100,2.2 SUP PAREDE 1800X60X15 MDP 7
811001006,TAMPO MENOR 406X360X15 MDP 1 OFF WHITE
811001116,TAMPO MENOR 406X360X15 MDP 1 CINAMOMO
811002006,LAT 359X254X15 MDP 2 OFF WHITE
811002116,LAT 359X254X15 MDP 2 CINAMOMO
811003100,F TRAS 373X254X15 MDP 3
811004006,TAMPO MAIOR 1100X450X25 MDP 4 OFF WHITE
811004116,TAMPO MAIOR 1100X450X25 MDP 4 CINAMOMO
811005006,TRAVA 1040X284X15 MDP 5 OFF WHITE
811005116,TRAVA 1040X284X15 MDP 5 CINAMOMO
811006006,LAT MAIOR 730X448X25 MDP 6 OFF WHITE
811006116,LAT MAIOR 730X448X25 MDP 6 CINAMOMO
811007006,BASE 406X378X15 MDP 7 OFF WHITE
811007116,BASE 406X378X15 MDP 7 CINAMOMO
811008116,FRENTE GAV 404X130X15 MDP 8 CINAMOMO
811009116,LAT GAV 290X100X12 MDP 9 CINAMOMO
811010116,C F GAV 348X100X12 MDP 10 CINAMOMO
811011006,MOL ESP 500X500X15 MDF 13 OFF WHITE
811011116,MOL ESP 500X500X15 MDF 13 CINAMOMO
